Rank,Team,Conference,Conference_Record,Conference_Record_Wins,Conference_Record_Losses,Overall_Record,Overall_Record_Wins,Overall_Record_Losses,SOS,NC_Rec,NC_Rec_Wins,NC_Rec_Losses,NC_RPI,NC_SOS,H,H_Wins,H_Losses,R,R_Wins,R_Losses,N,N_Wins,N_Losses,Q1,Q1_Wins,Q1_Losses,Q2,Q2_Wins,Q2_Losses,Q3,Q3_Wins,Q3_Losses,Q4,Q4_Wins,Q4_Losses
1,Tennessee,SEC,25-5,25,5,57-9,57,9,30,24-2,24,2,8,135,38-5,38,5,13-2,13,2,6-2,6,2,26-8,26,8,10-0,10,0,8-1,8,1,13-0,13,0
2,Oregon State,Pac-12,20-10,20,10,48-18,48,18,18,21-3,21,3,1,9,23-11,23,11,14-5,14,5,11-2,11,2,13-9,13,9,21-7,21,7,10-2,10,2,4-0,4,0
3,Notre Dame,ACC,16-11,16,11,41-17,41,17,27,17-2,17,2,3,67,17-3,17,3,13-9,13,9,11-5,11,5,20-10,20,10,4-1,4,1,4-4,4,4,13-2,13,2
4,Stanford,Pac-12,21-9,21,9,47-18,47,18,23,16-5,16,5,10,22,26-7,26,7,13-8,13,8,8-3,8,3,12-11,12,11,14-5,14,5,13-0,13,0,8-2,8,2
5,Oklahoma,Big 12,15-9,15,9,45-24,45,24,5,18-11,18,11,30,4,19-8,19,8,12-9,12,9,14-7,14,7,26-15,26,15,8-3,8,3,4-5,4,5,7-1,7,1
6,Auburn,SEC,16-13,16,13,43-22,43,22,6,21-5,21,5,13,35,25-9,25,9,12-9,12,9,6-4,6,4,17-16,17,16,12-2,12,2,7-3,7,3,7-1,7,1
7,Ole Miss,SEC,14-16,14,16,42-23,42,23,4,18-5,18,5,15,41,19-12,19,12,15-8,15,8,8-3,8,3,20-15,20,15,8-4,8,4,4-4,4,4,10-0,10,0
8,Texas A&M,SEC,19-11,19,11,44-20,44,20,15,16-6,16,6,38,47,27-9,27,9,12-6,12,6,5-5,5,5,24-13,24,13,5-5,5,5,7-2,7,2,8-0,8,0
9,Vanderbilt,SEC,14-16,14,16,39-23,39,23,1,21-3,21,3,5,46,21-12,21,12,13-8,13,8,5-3,5,3,14-21,14,21,8-2,8,2,7-0,7,0,10-0,10,0
10,Virginia Tech,ACC,19-9,19,9,45-14,45,14,50,21-2,21,2,14,171,33-7,33,7,11-6,11,6,1-1,1,1,18-11,18,11,3-1,3,1,10-2,10,2,14-0,14,0
11,North Carolina,ACC,15-15,15,15,42-22,42,22,3,19-4,19,4,7,38,33-9,33,9,5-12,5,12,4-1,4,1,21-18,21,18,8-2,8,2,5-1,5,1,8-1,8,1
12,Texas,Big 12,14-10,14,10,47-22,47,22,24,25-7,25,7,11,40,27-7,27,7,15-10,15,10,5-5,5,5,19-15,19,15,8-7,8,7,4-0,4,0,16-0,16,0
13,Maryland,Big Ten,18-5,18,5,48-14,48,14,75,26-5,26,5,6,86,27-4,27,4,19-7,19,7,2-3,2,3,5-6,5,6,12-3,12,3,15-2,15,2,16-3,16,3
14,Arkansas,SEC,18-12,18,12,46-21,46,21,26,20-4,20,4,41,157,28-7,28,7,11-9,11,9,7-5,7,5,21-16,21,16,4-2,4,2,5-2,5,2,16-1,16,1
15,Wake Forest,ACC,15-14-1,15,14,41-19-1,41,19,28,24-2,24,2,2,88,26-7-1,26,7,13-10,13,10,2-2,2,2,14-17-1,14,17,4-0-0,4,0,11-1-0,11,1,12-1-0,12,1
16,Florida,SEC,15-15,15,15,42-24,42,24,7,20-5,20,5,12,45,25-13,25,13,12-9,12,9,5-2,5,2,17-21,17,21,10-2,10,2,6-0,6,0,9-1,9,1
17,LSU,SEC,17-13,17,13,40-22,40,22,14,20-5,20,5,21,71,26-9,26,9,11-9,11,9,3-4,3,4,14-20,14,20,6-1,6,1,5-1,5,1,15-0,15,0
18,East Carolina,American Athletic,20-4,20,4,46-21,46,21,29,18-14,18,14,40,5,27-11,27,11,15-10,15,10,4-0,4,0,5-10,5,10,17-5,17,5,13-5,13,5,11-1,11,1
19,Oklahoma State,Big 12,15-9,15,9,42-22,42,22,19,21-9,21,9,24,25,21-12,21,12,16-5,16,5,5-5,5,5,14-17,14,17,11-2,11,2,10-3,10,3,7-0,7,0
20,Texas State,Sun Belt,26-4,26,4,47-14,47,14,87,18-7,18,7,29,65,26-6,26,6,19-7,19,7,2-1,2,1,9-9,9,9,9-2,9,2,8-1,8,1,21-2,21,2
21,Louisville,ACC,18-11-1,18,11,42-21-1,42,21,21,20-5,20,5,31,89,33-7,33,7,8-11-1,8,11,1-3,1,3,18-13-1,18,13,8-5-0,8,5,6-1-0,6,1,10-2-0,10,2
22,Southern Miss,Conference USA,23-7,23,7,47-19,47,19,45,18-7,18,7,19,36,26-13,26,13,19-6,19,6,2-0,2,0,9-13,9,13,18-5,18,5,5-0,5,0,15-1,15,1
23,Georgia Tech,ACC,15-15,15,15,36-24,36,24,9,18-6,18,6,20,42,22-9,22,9,11-12,11,12,3-3,3,3,15-16,15,16,7-6,7,6,5-2,5,2,9-0,9,0
24,Georgia,SEC,15-15,15,15,36-23,36,23,10,20-5,20,5,9,28,23-9,23,9,9-11,9,11,4-3,4,3,15-18,15,18,7-4,7,4,7-1,7,1,7-0,7,0
25,Georgia Southern,Sun Belt,23-7,23,7,41-20,41,20,37,15-10,15,10,27,3,25-8,25,8,13-11,13,11,3-1,3,1,5-12,5,12,20-6,20,6,4-1,4,1,12-1,12,1
26,Connecticut,Big East,16-5,16,5,50-16,50,16,128,27-8,27,8,23,129,19-4,19,4,26-11,26,11,5-1,5,1,5-3,5,3,7-2,7,2,9-7,9,7,29-4,29,4
27,Miami (FL),ACC,20-10,20,10,40-20,40,20,25,19-6,19,6,48,94,29-10,29,10,11-8,11,8,0-2,0,2,14-14,14,14,8-3,8,3,10-3,10,3,8-0,8,0
28,Virginia,ACC,17-13,17,13,39-19,39,19,40,21-2,21,2,17,170,29-5,29,5,7-11,7,11,3-3,3,3,13-15,13,15,3-3,3,3,9-1,9,1,14-0,14,0
29,Coastal Carolina,Sun Belt,21-8-1,21,8,39-20-1,39,20,43,15-9,15,9,16,2,22-7-1,22,7,15-11,15,11,2-2,2,2,10-9-0,10,9,14-9-0,14,9,3-0-0,3,0,12-2-1,12,2
30,Dallas Baptist,Missouri Valley,11-9-1,11,9,34-24-1,34,24,16,22-11,22,11,4,1,20-9,20,9,12-11-1,12,11,2-4,2,4,13-10-0,13,10,8-8-0,8,8,6-2-1,6,2,7-4-0,7,4
31,Gonzaga,West Coast,20-7,20,7,37-19,37,19,67,14-8,14,8,18,18,11-4,11,4,20-9,20,9,6-6,6,6,6-10,6,10,7-2,7,2,9-4,9,4,15-3,15,3
32,Oregon,Pac-12,18-12,18,12,36-25,36,25,12,17-9,17,9,28,6,25-10,25,10,10-12,10,12,1-3,1,3,10-12,10,12,12-8,12,8,7-3,7,3,7-1,7,1
33,Florida State,ACC,15-15,15,15,34-25,34,25,8,17-7,17,7,25,23,26-8,26,8,6-14,6,14,2-3,2,3,16-17,16,17,5-3,5,3,12-5,12,5,1-0,1,0
34,TCU,Big 12,16-8,16,8,38-22,38,22,47,19-10,19,10,66,97,19-7,19,7,11-11,11,11,8-4,8,4,9-18,9,18,8-3,8,3,4-0,4,0,17-1,17,1
35,North Carolina State,ACC,14-15,14,15,36-21,36,21,35,19-5,19,5,54,190,22-10,22,10,11-10,11,10,3-1,3,1,13-15,13,15,7-2,7,2,6-4,6,4,10-0,10,0
36,Louisiana Tech,Conference USA,20-10,20,10,43-21,43,21,59,18-8,18,8,64,106,24-8,24,8,14-11,14,11,5-2,5,2,11-7,11,7,7-9,7,9,4-1,4,1,21-4,21,4
37,Wofford,Southern,16-4-1,16,4,42-16-1,42,16,104,24-10,24,10,45,107,25-4-1,25,4,15-7,15,7,2-5,2,5,2-4-0,2,4,12-6-0,12,6,7-2-0,7,2,21-4-1,21,4
38,Columbia,Ivy League,17-4,17,4,32-18,32,18,84,11-11,11,11,44,30,15-2,15,2,15-16,15,16,2-0,2,0,2-2,2,2,7-9,7,9,7-2,7,2,16-5,16,5
39,Clemson,ACC,13-16,13,16,35-23,35,23,20,22-5,22,5,26,100,26-8,26,8,6-12,6,12,3-3,3,3,13-18,13,18,4-4,4,4,11-1,11,1,7-0,7,0
40,UTSA,Conference USA,19-11,19,11,38-20,38,20,68,16-8,16,8,71,185,21-6,21,6,16-13,16,13,1-1,1,1,9-10,9,10,9-5,9,5,1-1,1,1,19-4,19,4
41,Liberty,ASUN,19-11,19,11,37-23,37,23,44,14-9,14,9,34,14,20-8,20,8,14-12,14,12,3-3,3,3,3-8,3,8,11-8,11,8,10-6,10,6,13-1,13,1
42,Texas Tech,Big 12,15-9,15,9,39-22,39,22,55,21-9,21,9,53,134,21-5,21,5,14-9,14,9,4-8,4,8,11-13,11,13,9-5,9,5,2-1,2,1,17-3,17,3
43,Rutgers,Big Ten,17-7,17,7,44-15,44,15,150,24-7,24,7,51,241,19-5,19,5,22-9,22,9,3-1,3,1,1-3,1,3,7-5,7,5,14-3,14,3,22-4,22,4
44,Arizona,Pac-12,16-14,16,14,39-25,39,25,33,19-7,19,7,32,57,20-11,20,11,13-10,13,10,6-4,6,4,9-10,9,10,14-8,14,8,5-6,5,6,10-1,10,1
45,Alabama,SEC,12-17,12,17,31-27,31,27,2,17-8,17,8,58,79,22-11,22,11,7-14,7,14,2-2,2,2,13-18,13,18,6-5,6,5,3-2,3,2,9-2,9,2
46,Old Dominion,Conference USA,19-11,19,11,41-17,41,17,73,19-4,19,4,55,200,22-11,22,11,16-4,16,4,3-2,3,2,8-7,8,7,11-8,11,8,3-0,3,0,19-2,19,2
47,Kentucky,SEC,12-18,12,18,33-26,33,26,13,18-6,18,6,80,202,23-11,23,11,7-13,7,13,3-2,3,2,15-18,15,18,3-4,3,4,1-3,1,3,14-1,14,1
48,UC Santa Barbara,Big West,27-3,27,3,44-14,44,14,160,16-9,16,9,56,91,21-5,21,5,20-8,20,8,3-1,3,1,2-4,2,4,10-4,10,4,6-4,6,4,26-2,26,2
49,West Virginia,Big 12,14-10,14,10,32-22,32,22,48,18-10,18,10,61,103,16-6,16,6,12-12,12,12,4-4,4,4,6-11,6,11,13-6,13,6,2-3,2,3,11-2,11,2
50,San Diego,West Coast,17-10,17,10,37-20,37,20,62,15-8,15,8,36,21,18-9,18,9,14-10,14,10,5-1,5,1,8-7,8,7,5-4,5,4,8-5,8,5,16-4,16,4
51,UCLA,Pac-12,19-11,19,11,40-24,40,24,52,16-9,16,9,96,140,22-9,22,9,11-11,11,11,7-4,7,4,14-7,14,7,9-9,9,9,11-6,11,6,6-2,6,2
52,VCU,Atlantic 10,19-5,19,5,42-20,42,20,95,17-13,17,13,83,76,20-8,20,8,16-11,16,11,6-1,6,1,6-11,6,11,3-3,3,3,1-0,1,0,32-6,32,6
53,Kennesaw State,ASUN,19-11,19,11,36-28,36,28,34,13-13,13,13,62,11,18-9,18,9,15-16,15,16,3-3,3,3,6-12,6,12,6-9,6,9,15-4,15,4,9-3,9,3
54,Louisiana,Sun Belt,19-11,19,11,37-23,37,23,56,14-10,14,10,43,13,19-8,19,8,14-11,14,11,4-4,4,4,7-12,7,12,10-6,10,6,4-2,4,2,16-3,16,3
55,Grand Canyon,Western Athletic,25-5,25,5,41-21,41,21,82,14-12,14,12,59,16,17-10,17,10,21-6,21,6,3-5,3,5,7-6,7,6,3-6,3,6,7-2,7,2,24-7,24,7
56,Penn,Ivy League,17-4,17,4,33-15,33,15,137,15-9,15,9,49,83,17-5,17,5,16-10,16,10,0-0,0,0,6-8,6,8,2-0,2,0,4-2,4,2,21-5,21,5
57,Michigan,Big Ten,12-12,12,12,34-28,34,28,36,16-13,16,13,74,66,14-9,14,9,11-15,11,15,9-4,9,4,8-13,8,13,5-6,5,6,5-6,5,6,16-3,16,3
58,Missouri,SEC,10-20,10,20,28-23,28,23,31,18-3,18,3,33,232,17-8,17,8,9-15,9,15,2-0,2,0,6-19,6,19,5-2,5,2,4-1,4,1,13-1,13,1
59,Campbell,Big South,20-3,20,3,41-19,41,19,115,16-13,16,13,50,8,17-9,17,9,17-7,17,7,7-3,7,3,6-10,6,10,4-3,4,3,10-2,10,2,21-4,21,4
60,Mercer,Southern,12-9,12,9,40-18,40,18,143,27-7,27,7,35,184,24-5,24,5,15-11,15,11,1-2,1,2,3-5,3,5,5-1,5,1,10-6,10,6,22-6,22,6
61,Iowa,Big Ten,17-7,17,7,35-18,35,18,107,15-9,15,9,86,155,15-6,15,6,12-7,12,7,8-5,8,5,3-3,3,3,10-7,10,7,8-4,8,4,14-4,14,4
62,Xavier,Big East,13-8,13,8,33-27,33,27,69,18-17,18,17,65,58,12-4,12,4,19-17,19,17,2-6,2,6,2-13,2,13,5-3,5,3,13-5,13,5,13-6,13,6
63,Belmont,Ohio Valley,18-6,18,6,39-20,39,20,111,19-13,19,13,81,82,21-10,21,10,16-8,16,8,2-2,2,2,1-5,1,5,5-6,5,6,13-3,13,3,20-6,20,6
64,Central Michigan,Mid-American,30-7,30,7,42-19,42,19,183,7-9,7,9,98,90,18-2,18,2,21-13,21,13,3-4,3,4,1-6,1,6,3-7,3,7,4-0,4,0,34-6,34,6
65,Southern Illinois,Missouri Valley,16-5,16,5,44-16,44,16,196,24-9,24,9,118,272,23-7,23,7,18-9,18,9,3-0,3,0,3-1,3,1,11-4,11,4,8-0,8,0,22-11,22,11
66,Middle Tennessee,Conference USA,17-13,17,13,29-26,29,26,53,12-11,12,11,47,29,9-10,9,10,16-12,16,12,4-4,4,4,6-11,6,11,8-10,8,10,3-1,3,1,12-4,12,4
67,Charleston,Colonial Athletic,19-5,19,5,37-20,37,20,120,17-13,17,13,119,142,25-5,25,5,11-13,11,13,1-2,1,2,4-5,4,5,5-4,5,4,12-4,12,4,16-7,16,7
68,Southeast Missouri,Ohio Valley,16-8,16,8,37-22,37,22,133,18-11,18,11,70,150,23-2,23,2,11-18,11,18,3-2,3,2,3-6,3,6,5-6,5,6,7-7,7,7,22-3,22,3
69,South Carolina,SEC,13-17,13,17,27-28,27,28,11,14-10,14,10,132,113,21-12,21,12,4-14,4,14,2-2,2,2,15-20,15,20,3-5,3,5,1-1,1,1,8-2,8,2
70,Pittsburgh,ACC,13-16,13,16,29-27,29,27,38,14-10,14,10,139,216,12-9,12,9,10-11,10,11,7-7,7,7,12-17,12,17,1-0,1,0,7-3,7,3,9-7,9,7
71,Davidson,Atlantic 10,20-4,20,4,43-13,43,13,215,22-7,22,7,90,242,28-6,28,6,13-5,13,5,2-2,2,2,2-2,2,2,6-3,6,3,3-2,3,2,32-6,32,6
72,Ball State,Mid-American,32-7,32,7,40-19,40,19,164,6-10,6,10,91,39,18-6,18,6,20-10,20,10,2-3,2,3,1-5,1,5,5-6,5,6,3-2,3,2,31-6,31,6
73,South Alabama,Sun Belt,17-13,17,13,31-23,31,23,71,14-9,14,9,63,61,21-6,21,6,10-15,10,15,0-2,0,2,3-11,3,11,7-8,7,8,4-3,4,3,17-1,17,1
74,Washington State,Pac-12,12-18,12,18,26-26,26,26,51,14-8,14,8,52,123,12-7,12,7,10-16,10,16,4-3,4,3,7-8,7,8,2-9,2,9,11-9,11,9,6-0,6,0
75,Charlotte,Conference USA,17-13,17,13,36-22,36,22,90,18-7,18,7,99,212,24-10,24,10,10-9,10,9,2-3,2,3,6-15,6,15,10-3,10,3,2-2,2,2,18-2,18,2
76,Illinois,Big Ten,17-7,17,7,30-22,30,22,110,13-13,13,13,151,188,15-4,15,4,12-10,12,10,3-8,3,8,2-4,2,4,4-6,4,6,8-5,8,5,16-7,16,7
77,Houston,American Athletic,13-11,13,11,37-24,37,24,105,21-11,21,11,75,115,22-10,22,10,11-9,11,9,4-5,4,5,3-6,3,6,5-7,5,7,12-6,12,6,17-5,17,5
78,California,Pac-12,14-16,14,16,29-27,29,27,49,14-9,14,9,117,162,16-13,16,13,9-11,9,11,4-3,4,3,5-13,5,13,8-6,8,6,6-4,6,4,10-4,10,4
79,FGCU,ASUN,17-13,17,13,35-23,35,23,98,17-8,17,8,79,156,22-13,22,13,13-10,13,10,0-0,0,0,2-9,2,9,6-4,6,4,15-6,15,6,12-4,12,4
80,Evansville,Missouri Valley,14-6,14,6,32-24,32,24,106,16-16,16,16,140,158,17-9,17,9,13-14,13,14,2-1,2,1,2-7,2,7,7-6,7,6,7-4,7,4,16-7,16,7
81,Baylor,Big 12,7-17,7,17,26-28,26,28,22,19-9,19,9,42,31,20-12,20,12,4-13,4,13,2-3,2,3,8-23,8,23,2-2,2,2,7-2,7,2,9-1,9,1
82,UCF,American Athletic,14-10,14,10,35-25,35,25,94,18-13,18,13,104,108,18-14,18,14,14-9,14,9,3-2,3,2,4-8,4,8,7-6,7,6,8-5,8,5,16-6,16,6
83,Nevada,Mountain West,18-12,18,12,29-26,29,26,97,10-12,10,12,57,12,14-7,14,7,14-17,14,17,1-2,1,2,2-7,2,7,7-5,7,5,3-2,3,2,17-12,17,12
84,William & Mary,Colonial Athletic,14-10,14,10,26-23,26,23,86,12-11,12,11,76,63,15-7,15,7,11-15,11,15,0-1,0,1,1-6,1,6,3-7,3,7,7-9,7,9,15-1,15,1
85,FAU,Conference USA,19-11,19,11,35-23,35,23,116,15-10,15,10,176,238,23-11,23,11,10-11,10,11,2-1,2,1,6-11,6,11,6-8,6,8,0-1,0,1,23-3,23,3
86,Tulane,American Athletic,11-13,11,13,33-26-1,33,26,77,20-11-1,20,11,67,80,20-12-1,20,12,11-12,11,12,2-2,2,2,4-6-0,4,6,3-8-0,3,8,8-8-0,8,8,18-4-1,18,4
87,UC Irvine,Big West,16-14,16,14,32-24,32,24,118,16-10,16,10,22,10,19-9,19,9,13-15,13,15,0-0,0,0,3-5,3,5,10-10,10,10,5-3,5,3,14-6,14,6
88,Creighton,Big East,15-5,15,5,31-18,31,18,187,15-11,15,11,169,266,17-4,17,4,12-12,12,12,2-2,2,2,0-6,0,6,3-7,3,7,5-1,5,1,23-4,23,4
89,UAB,Conference USA,13-17,13,17,30-25,30,25,89,17-6,17,6,37,105,17-11,17,11,13-13,13,13,0-1,0,1,6-8,6,8,6-8,6,8,3-2,3,2,15-7,15,7
90,UNCW,Colonial Athletic,15-9,15,9,31-24,31,24,79,16-13,16,13,103,60,22-11,22,11,9-12,9,12,0-1,0,1,2-7,2,7,7-7,7,7,12-9,12,9,10-1,10,1
91,Portland,West Coast,17-10,17,10,32-23,32,23,139,14-11,14,11,106,186,17-7,17,7,14-13,14,13,1-3,1,3,3-9,3,9,6-2,6,2,6-3,6,3,17-9,17,9
92,Washington,Pac-12,14-16,14,16,30-26,30,26,83,16-8,16,8,134,269,18-10,18,10,12-14,12,14,0-2,0,2,2-12,2,12,10-5,10,5,8-6,8,6,10-3,10,3
93,Air Force,Mountain West,15-15,15,15,32-29,32,29,102,12-12,12,12,78,56,13-8,13,8,11-17,11,17,8-4,8,4,3-5,3,5,4-6,4,6,6-5,6,5,19-13,19,13
94,UNCG,Southern,12-9,12,9,34-30,34,30,76,16-18,16,18,161,130,16-14,16,14,12-13,12,13,6-3,6,3,3-10,3,10,6-9,6,9,7-6,7,6,18-5,18,5
95,Missouri State,Missouri Valley,8-13,8,13,31-29,31,29,70,17-13,17,13,77,69,17-13,17,13,12-14,12,14,2-2,2,2,1-6,1,6,10-13,10,13,5-6,5,6,15-4,15,4
96,Cal State Northridge,Big West,17-13,17,13,32-22,32,22,179,15-9,15,9,46,120,14-7,14,7,18-15,18,15,0-0,0,0,1-5,1,5,4-7,4,7,3-6,3,6,24-4,24,4
97,Georgia State,Sun Belt,15-15,15,15,29-27,29,27,72,14-11,14,11,92,84,18-11,18,11,11-14,11,14,0-2,0,2,6-12,6,12,4-10,4,10,2-1,2,1,17-4,17,4
98,Kansas State,Big 12,8-16,8,16,29-29,29,29,60,19-11,19,11,102,199,21-7,21,7,6-17,6,17,2-5,2,5,6-19,6,19,5-4,5,4,2-0,2,0,16-6,16,6
99,Cal Poly,Big West,22-8,22,8,37-21,37,21,172,15-13,15,13,143,126,21-11,21,11,14-9,14,9,2-1,2,1,0-4,0,4,9-6,9,6,10-7,10,7,18-4,18,4
100,Troy,Sun Belt,15-15,15,15,32-24,32,24,130,16-8,16,8,68,127,19-10,19,10,12-13,12,13,1-1,1,1,2-10,2,10,9-4,9,4,7-4,7,4,14-6,14,6
101,BYU,West Coast,16-11,16,11,33-21,33,21,177,17-9,17,9,97,234,15-7,15,7,15-9,15,9,3-5,3,5,3-6,3,6,2-2,2,2,11-3,11,3,17-10,17,10
102,Arizona State,Pac-12,13-17,13,17,26-32,26,32,32,12-13,12,13,162,95,19-13,19,13,6-16,6,16,1-3,1,3,5-13,5,13,7-12,7,12,7-5,7,5,7-2,7,2
103,Duke,ACC,10-20,10,20,22-32,22,32,17,12-12,12,12,179,141,17-16,17,16,5-16,5,16,0-0,0,0,10-22,10,22,3-7,3,7,1-0,1,0,8-3,8,3
104,Oral Roberts,The Summit League,17-7,17,7,38-20,38,20,209,18-11,18,11,73,98,21-9,21,9,17-8,17,8,0-3,0,3,3-9,3,9,4-0,4,0,3-4,3,4,28-7,28,7
105,Indiana,Big Ten,10-14,10,14,27-32,27,32,57,15-16,15,16,105,74,15-9,15,9,8-19,8,19,4-4,4,4,2-11,2,11,11-14,11,14,4-2,4,2,10-5,10,5
106,Mississippi State,SEC,9-21,9,21,26-30,26,30,41,17-9,17,9,174,275,18-14,18,14,7-12,7,12,1-4,1,4,9-22,9,22,3-4,3,4,1-3,1,3,13-1,13,1
107,Bryant,Northeast,17-10,17,10,30-27,30,27,136,10-15,10,15,121,92,15-5,15,5,12-20,12,20,3-2,3,2,3-5,3,5,0-3,0,3,5-7,5,7,22-12,22,12
108,Southeastern Louisiana,Southland,14-10,14,10,30-31,30,31,63,10-17,10,17,135,7,21-12,21,12,9-18,9,18,0-1,0,1,3-7,3,7,3-7,3,7,9-5,9,5,15-12,15,12
109,Indiana State,Missouri Valley,10-10-1,10,10,26-22-1,26,22,119,15-10,15,10,89,143,13-7-1,13,7,6-10,6,10,7-5,7,5,2-3-1,2,3,6-10-0,6,10,3-5-0,3,5,15-4-0,15,4
110,Utah,Pac-12,10-20,10,20,26-27-1,26,27,96,16-7-1,16,7,107,264,12-12,12,12,13-15-1,13,15,1-0,1,0,3-9-0,3,9,6-9-0,6,9,5-5-0,5,5,12-4-1,12,4
111,UNLV,Mountain West,21-9,21,9,36-22,36,22,189,15-11,15,11,165,205,18-12,18,12,15-6,15,6,3-4,3,4,2-0,2,0,6-8,6,8,5-4,5,4,23-10,23,10
112,James Madison,Colonial Athletic,12-11,12,11,27-26,27,26,127,15-15,15,15,137,175,17-7,17,7,10-19,10,19,0-0,0,0,1-8,1,8,4-5,4,5,4-5,4,5,18-8,18,8
113,USC,Pac-12,8-22,8,22,25-28,25,28,58,17-6,17,6,69,159,18-15,18,15,7-13,7,13,0-0,0,0,5-10,5,10,6-8,6,8,3-8,3,8,11-2,11,2
114,Hawaii,Big West,19-11,19,11,28-24,28,24,123,9-13,9,13,130,17,13-14,13,14,12-8,12,8,3-2,3,2,3-8,3,8,6-7,6,7,4-5,4,5,15-4,15,4
115,Eastern Kentucky,ASUN,20-10,20,10,37-20,37,20,248,14-9,14,9,100,191,21-6,21,6,13-13,13,13,3-1,3,1,1-3,1,3,1-3,1,3,4-6,4,6,31-8,31,8
116,Sam Houston State,Western Athletic,21-9,21,9,31-25,31,25,145,10-14,10,14,183,85,19-10,19,10,11-12,11,12,1-3,1,3,2-6,2,6,1-4,1,4,5-7,5,7,23-8,23,8
117,South Carolina Upstate,Big South,17-6-1,17,6,35-22-1,35,22,205,17-14,17,14,128,122,22-8-1,22,8,12-11,12,11,1-3,1,3,0-5-0,0,5,3-8-0,3,8,5-2-0,5,2,27-7-1,27,7
118,Northeastern,Colonial Athletic,10-14,10,14,31-29-1,31,29,147,18-13-1,18,13,114,215,11-8-1,11,8,14-14,14,14,6-7,6,7,5-3-0,5,3,4-8-0,4,8,8-10-0,8,10,14-8-1,14,8
119,California Baptist,Western Athletic,18-12,18,12,36-20,36,20,238,18-8,18,8,101,250,23-8,23,8,13-12,13,12,0-0,0,0,0-3,0,3,2-8,2,8,5-2,5,2,29-7,29,7
120,Hofstra,Colonial Athletic,15-9,15,9,30-23,30,23,180,11-12,11,12,228,273,14-9,14,9,13-13,13,13,3-1,3,1,0-3,0,3,6-4,6,4,11-6,11,6,13-10,13,10
121,Appalachian State,Sun Belt,10-20,10,20,20-33,20,33,46,9-12,9,12,82,19,8-14,8,14,11-17,11,17,1-2,1,2,1-12,1,12,10-16,10,16,0-1,0,1,9-4,9,4
122,Samford,Southern,12-9,12,9,28-29,28,29,92,14-18,14,18,177,139,16-13,16,13,9-13,9,13,3-3,3,3,3-8,3,8,7-9,7,9,6-1,6,1,12-11,12,11
123,Ohio,Mid-American,21-15,21,15,29-24,29,24,185,8-7,8,7,60,73,16-5,16,5,12-18,12,18,1-1,1,1,1-0,1,0,3-8,3,8,2-4,2,4,23-12,23,12
124,Lamar,Western Athletic,20-10,20,10,37-21,37,21,241,16-9,16,9,145,276,19-8,19,8,16-11,16,11,2-2,2,2,1-1,1,1,1-3,1,3,6-6,6,6,29-11,29,11
125,Jacksonville,ASUN,13-16,13,16,27-28,27,28,101,14-9,14,9,112,179,17-11,17,11,10-14,10,14,0-3,0,3,4-7,4,7,7-10,7,10,3-4,3,4,13-7,13,7
126,Yale,Ivy League,10-11,10,11,20-18,20,18,162,10-7,10,7,39,70,10-6,10,6,10-12,10,12,0-0,0,0,1-6,1,6,3-4,3,4,4-3,4,3,12-5,12,5
127,Tennessee Tech,Ohio Valley,11-13,11,13,30-27,30,27,144,16-12,16,12,125,193,14-10,14,10,10-14,10,14,6-3,6,3,1-3,1,3,5-7,5,7,6-9,6,9,18-8,18,8
128,Ohio State,Big Ten,8-14,8,14,21-30,21,30,54,13-16,13,16,109,52,10-12,10,12,7-15,7,15,4-3,4,3,1-10,1,10,2-9,2,9,7-5,7,5,11-6,11,6
129,North Dakota State,The Summit League,17-5,17,5,30-19,30,19,276,12-12,12,12,72,104,5-1,5,1,19-15,19,15,6-3,6,3,0-3,0,3,1-1,1,1,6-3,6,3,23-12,23,12
130,Santa Clara,West Coast,11-16,11,16,24-29,24,29,81,13-13,13,13,87,51,16-9,16,9,8-20,8,20,0-0,0,0,2-12,2,12,3-4,3,4,3-7,3,7,16-6,16,6
131,Long Island,Northeast,18-9,18,9,37-21,37,21,255,16-9,16,9,115,249,14-5,14,5,16-9,16,9,7-7,7,7,0-2,0,2,1-3,1,3,10-7,10,7,26-9,26,9
132,Cincinnati,American Athletic,12-12,12,12,24-31,24,31,65,11-17,11,17,203,128,14-12,14,12,9-15,9,15,1-4,1,4,1-8,1,8,9-10,9,10,5-4,5,4,9-9,9,9
133,Long Beach State,Big West,17-13,17,13,29-27,29,27,126,12-14,12,14,110,33,18-13,18,13,11-14,11,14,0-0,0,0,3-7,3,7,5-6,5,6,9-4,9,4,12-10,12,10
134,East Tennessee State,Southern,11-10,11,10,30-21,30,21,203,19-10,19,10,155,271,22-6,22,6,8-14,8,14,0-1,0,1,0-5,0,5,2-7,2,7,2-4,2,4,26-5,26,5
135,Purdue,Big Ten,9-12,9,12,29-21,29,21,181,20-7,20,7,156,288,13-9,13,9,5-10,5,10,11-2,11,2,0-3,0,3,4-10,4,10,4-4,4,4,21-4,21,4
136,Boston College,ACC,5-25,5,25,19-34,19,34,39,14-9,14,9,129,252,10-14,10,14,9-19,9,19,0-1,0,1,5-24,5,24,1-2,1,2,3-1,3,1,10-7,10,7
137,Pepperdine,West Coast,12-15,12,15,24-26,24,26,103,12-11,12,11,93,68,13-13,13,13,11-11,11,11,0-2,0,2,4-7,4,7,3-5,3,5,1-8,1,8,16-6,16,6
138,Georgetown,Big East,11-10,11,10,32-24,32,24,211,21-12,21,12,123,265,19-5,19,5,10-16,10,16,3-3,3,3,3-6,3,6,2-7,2,7,1-0,1,0,26-11,26,11
139,New Orleans,Southland,13-11,13,11,30-23,30,23,176,15-10,15,10,113,161,18-10,18,10,10-13,10,13,2-0,2,0,3-4,3,4,1-3,1,3,0-5,0,5,26-11,26,11
140,UTRGV,Western Athletic,17-13,17,13,33-25,33,25,207,15-10,15,10,94,180,18-8,18,8,12-15,12,15,3-2,3,2,1-3,1,3,1-2,1,2,7-5,7,5,24-15,24,15
141,Eastern Illinois,Ohio Valley,12-12,12,12,30-20,30,20,267,18-7,18,7,136,300,6-6,6,6,24-13,24,13,0-1,0,1,0-0,0,0,3-4,3,4,4-3,4,3,23-13,23,13
142,Lipscomb,ASUN,20-10,20,10,35-23,35,23,232,14-10,14,10,127,187,18-10,18,10,16-10,16,10,1-3,1,3,1-6,1,6,3-6,3,6,7-1,7,1,24-10,24,10
143,Wright State,Horizon League,20-9,20,9,30-27,30,27,195,7-16,7,16,144,26,16-7,16,7,14-18,14,18,0-2,0,2,1-9,1,9,1-2,1,2,2-4,2,4,26-12,26,12
144,Stetson,ASUN,10-20,10,20,26-29,26,29,85,16-9,16,9,88,112,19-15,19,15,7-14,7,14,0-0,0,0,7-8,7,8,1-12,1,12,3-3,3,3,15-6,15,6
145,Wichita State,American Athletic,9-15,9,15,21-36,21,36,42,12-19,12,19,146,27,11-16,11,16,5-18,5,18,5-2,5,2,3-11,3,11,9-13,9,13,2-4,2,4,7-8,7,8
146,SIUE,Ohio Valley,12-12,12,12,27-28,27,28,142,13-14,13,14,152,177,17-9,17,9,8-17,8,17,2-2,2,2,0-0,0,0,2-15,2,15,5-5,5,5,20-8,20,8
147,Fairfield,MAAC,18-5,18,5,31-21,31,21,256,13-14,13,14,163,208,15-4,15,4,14-12,14,12,2-5,2,5,0-0,0,0,1-5,1,5,2-5,2,5,28-11,28,11
148,Penn State,Big Ten,11-13,11,13,26-29,26,29,117,14-14,14,14,188,210,13-10,13,10,6-12,6,12,7-7,7,7,3-9,3,9,2-4,2,4,4-6,4,6,17-10,17,10
149,Elon,Colonial Athletic,9-14,9,14,27-28,27,28,88,16-12,16,12,122,77,19-20,19,20,7-8,7,8,1-0,1,0,0-7,0,7,7-8,7,8,4-9,4,9,16-4,16,4
150,Harvard,Ivy League,10-11,10,11,19-22,19,22,167,9-11,9,11,108,118,5-8,5,8,14-14,14,14,0-0,0,0,1-5,1,5,4-6,4,6,1-3,1,3,13-8,13,8
151,Toledo,Mid-American,23-16,23,16,33-25,33,25,244,9-7,9,7,84,189,17-6,17,6,15-16,15,16,1-3,1,3,0-0,0,0,3-10,3,10,5-4,5,4,25-11,25,11
152,Abilene Christian,Western Athletic,14-16,14,16,30-29,30,29,149,12-11,12,11,141,99,13-18,13,18,13-9,13,9,4-2,4,2,2-2,2,2,2-4,2,4,7-16,7,16,19-7,19,7
153,Marist,MAAC,17-5,17,5,29-17,29,17,285,12-10,12,10,120,260,11-2,11,2,17-12,17,12,1-3,1,3,1-3,1,3,0-0,0,0,1-3,1,3,27-11,27,11
154,Bradley,Missouri Valley,11-10,11,10,20-29,20,29,109,9-17,9,17,205,148,8-7,8,7,8-16,8,16,4-6,4,6,2-2,2,2,4-14,4,14,5-6,5,6,9-7,9,7
155,South Florida,American Athletic,8-16,8,16,28-29,28,29,113,20-11,20,11,131,181,21-16,21,16,7-11,7,11,0-2,0,2,1-6,1,6,6-13,6,13,6-4,6,4,15-6,15,6
156,Army,Patriot League,18-7,18,7,31-25,31,25,229,9-15,9,15,158,101,18-5,18,5,11-15,11,15,2-5,2,5,0-9,0,9,1-4,1,4,2-3,2,3,28-9,28,9
157,San Francisco,West Coast,14-13,14,13,28-29,28,29,135,14-15,14,15,180,176,20-12,20,12,8-15,8,15,0-2,0,2,4-10,4,10,3-3,3,3,5-7,5,7,16-9,16,9
158,Kansas,Big 12,4-20,4,20,20-35,20,35,64,16-15,16,15,133,195,8-12,8,12,8-20,8,20,4-3,4,3,2-16,2,16,6-9,6,9,3-5,3,5,9-5,9,5
159,Morehead State,Ohio Valley,14-10,14,10,27-27,27,27,161,13-16,13,16,208,214,17-10,17,10,10-16,10,16,0-1,0,1,0-2,0,2,2-11,2,11,8-6,8,6,17-8,17,8
160,Dartmouth,Ivy League,14-7,14,7,21-19,21,19,221,7-12,7,12,232,235,9-5,9,5,11-10,11,10,1-4,1,4,3-3,3,3,1-2,1,2,4-3,4,3,13-11,13,11
161,Central Connecticut,Northeast,17-10,17,10,29-18,29,18,273,11-6,11,6,85,247,12-6,12,6,12-10,12,10,5-2,5,2,0-1,0,1,0-3,0,3,2-10,2,10,27-4,27,4
162,Northwestern,Big Ten,10-14,10,14,23-27,23,27,155,13-13,13,13,148,206,12-8,12,8,10-18,10,18,1-1,1,1,1-3,1,3,4-7,4,7,7-13,7,13,11-4,11,4
163,Saint Joseph's,Atlantic 10,12-11,12,11,29-25,29,25,227,16-12,16,12,154,254,12-11,12,11,16-12,16,12,1-2,1,2,0-2,0,2,1-7,1,7,3-4,3,4,25-12,25,12
164,North Florida,ASUN,11-18,11,18,22-33,22,33,66,10-14,10,14,196,111,15-17,15,17,6-15,6,15,1-1,1,1,1-10,1,10,7-11,7,11,7-9,7,9,7-3,7,3
165,McNeese,Southland,15-9,15,9,34-23,34,23,212,15-12,15,12,217,233,26-16,26,16,8-7,8,7,0-0,0,0,2-3,2,3,1-4,1,4,6-7,6,7,25-9,25,9
166,Nebraska,Big Ten,10-14,10,14,23-30,23,30,114,13-16,13,16,181,149,13-13,13,13,8-14,8,14,2-3,2,3,0-6,0,6,4-8,4,8,8-8,8,8,11-8,11,8
167,Maine,America East,21-9,21,9,26-22,26,22,245,5-11,5,11,201,168,11-6,11,6,13-12,13,12,2-4,2,4,0-3,0,3,0-0,0,0,3-6,3,6,23-13,23,13
168,Stony Brook,America East,21-9,21,9,27-25,27,25,236,6-16,6,16,257,217,14-7,14,7,13-18,13,18,0-0,0,0,0-3,0,3,0-0,0,0,1-3,1,3,26-19,26,19
169,San Jose State,Mountain West,16-14,16,14,30-29,30,29,194,12-13,12,13,215,240,19-10,19,10,9-17,9,17,2-2,2,2,0-0,0,0,7-12,7,12,2-10,2,10,21-7,21,7
170,Canisius,MAAC,15-9,15,9,29-25,29,25,262,10-14,10,14,173,230,9-5,9,5,14-17,14,17,6-3,6,3,0-6,0,6,2-2,2,2,0-2,0,2,27-15,27,15
171,Michigan State,Big Ten,8-16,8,16,24-30,24,30,153,16-14,16,14,124,172,12-8,12,8,7-18,7,18,5-4,5,4,2-3,2,3,2-11,2,11,5-6,5,6,15-10,15,10
172,Rider,MAAC,12-10,12,10,28-26,28,26,250,13-14,13,14,149,209,8-7,8,7,14-16,14,16,6-3,6,3,0-4,0,4,2-0,2,0,4-3,4,3,22-19,22,19
173,Jacksonville State,ASUN,19-11,19,11,27-28,27,28,173,7-16,7,16,199,49,13-17,13,17,13-10,13,10,1-1,1,1,2-8,2,8,0-8,0,8,8-8,8,8,17-4,17,4
174,Villanova,Big East,8-12,8,12,19-29-1,19,29,151,11-17-1,11,17,182,192,9-6,9,6,9-23-1,9,23,1-0,1,0,1-4-0,1,4,1-9-1,1,9,1-5-0,1,5,16-11-0,16,11
175,Delaware,Colonial Athletic,8-15,8,15,25-26,25,26,159,17-11,17,11,153,224,18-11,18,11,6-13,6,13,1-2,1,2,2-1,2,1,3-10,3,10,5-8,5,8,15-7,15,7
176,George Mason,Atlantic 10,13-11,13,11,23-33,23,33,125,9-20,9,20,239,164,13-12,13,12,8-19,8,19,2-2,2,2,1-6,1,6,2-8,2,8,1-4,1,4,19-15,19,15
177,Dixie State,Western Athletic,14-16,14,16,22-33,22,33,141,8-17,8,17,138,24,11-11,11,11,11-22,11,22,0-0,0,0,0-4,0,4,1-9,1,9,8-8,8,8,13-12,13,12
178,Nicholls,Southland,12-12,12,12,25-25,25,25,184,12-11,12,11,198,221,16-12,16,12,8-12,8,12,1-1,1,1,1-1,1,1,2-6,2,6,7-3,7,3,15-15,15,15
179,ULM,Sun Belt,9-20-1,9,20,20-35-1,20,35,80,10-14,10,14,142,59,11-17,11,17,8-17-1,8,17,1-1,1,1,1-10-1,1,10,5-13-0,5,13,1-5-0,1,5,13-7-0,13,7
180,Houston Baptist,Southland,11-13,11,13,18-36,18,36,74,7-21,7,21,193,44,9-13,9,13,9-22,9,22,0-1,0,1,0-9,0,9,0-2,0,2,5-10,5,10,13-15,13,15
181,Dayton,Atlantic 10,10-14,10,14,23-27,23,27,228,13-13,13,13,95,165,9-7,9,7,14-20,14,20,0-0,0,0,0-1,0,1,5-10,5,10,2-3,2,3,16-13,16,13
182,Sacramento State,Western Athletic,17-13,17,13,32-26,32,26,252,13-11,13,11,224,285,15-13,15,13,15-11,15,11,2-2,2,2,0-0,0,0,2-6,2,6,7-2,7,2,23-18,23,18
183,Incarnate Word,Southland,9-15,9,15,21-31,21,31,122,10-14,10,14,160,72,16-8,16,8,3-23,3,23,2-0,2,0,2-7,2,7,1-3,1,3,3-5,3,5,15-16,15,16
184,Western Carolina,Southern,9-11-1,9,11,26-31-1,26,31,154,16-18,16,18,212,226,14-16,14,16,8-11-1,8,11,4-4,4,4,1-3-1,1,3,6-9-0,6,9,3-7-0,3,7,16-12-0,16,12
185,Texas A&M-Corpus Christi,Southland,10-14,10,14,27-28,27,28,208,16-12,16,12,166,231,17-12,17,12,10-15,10,15,0-1,0,1,0-4,0,4,1-0,1,0,7-9,7,9,19-15,19,15
186,Illinois State,Missouri Valley,7-14,7,14,20-31,20,31,157,13-16,13,16,170,237,9-9,9,9,11-22,11,22,0-0,0,0,3-3,3,3,4-9,4,9,2-7,2,7,11-12,11,12
187,Alabama State,SWAC,21-8,21,8,34-25,34,25,279,9-15,9,15,242,218,20-6,20,6,9-17,9,17,5-2,5,2,0-5,0,5,1-6,1,6,0-3,0,3,33-11,33,11
188,Loyola-Marymount,West Coast,14-13,14,13,20-34-1,20,34,108,5-19-1,5,19,271,136,11-16-1,11,16,8-16,8,16,1-2,1,2,2-7-0,2,7,5-10-0,5,10,5-10-1,5,10,8-7-0,8,7
189,Little Rock,Sun Belt,11-18,11,18,24-27,24,27,156,13-8,13,8,184,255,20-11,20,11,4-15,4,15,0-1,0,1,2-10,2,10,4-8,4,8,3-5,3,5,15-4,15,4
190,New Mexico,Mountain West,10-20,10,20,21-33,21,33,134,11-13,11,13,150,124,11-13,11,13,10-16,10,16,0-4,0,4,2-7,2,7,4-9,4,9,3-6,3,6,12-11,12,11
191,UMass-Lowell,America East,15-15,15,15,28-30,28,30,242,10-13,10,13,164,194,13-7,13,7,11-21,11,21,4-2,4,2,0-1,0,1,3-5,3,5,3-3,3,3,22-21,22,21
192,Fresno State,Mountain West,15-15,15,15,27-28,27,28,199,12-13,12,13,220,213,16-16,16,16,11-10,11,10,0-2,0,2,0-1,0,1,9-8,9,8,3-7,3,7,15-12,15,12
193,Seton Hall,Big East,7-13,7,13,18-35,18,35,78,11-22,11,22,191,78,12-12,12,12,6-21,6,21,0-2,0,2,2-12,2,12,3-11,3,11,1-2,1,2,12-10,12,10
194,Cal State Fullerton,Big West,14-16,14,16,22-33,22,33,124,8-17,8,17,190,34,16-14,16,14,6-19,6,19,0-0,0,0,3-8,3,8,5-11,5,11,3-9,3,9,11-5,11,5
195,High Point,Big South,14-10,14,10,23-33,23,33,152,9-21,9,21,194,50,12-14,12,14,11-16,11,16,0-3,0,3,1-7,1,7,5-4,5,4,4-10,4,10,13-12,13,12
196,Memphis,American Athletic,9-15,9,15,26-29,26,29,190,16-12,16,12,238,289,13-18,13,18,12-9,12,9,1-2,1,2,0-4,0,4,5-10,5,10,8-7,8,7,13-8,13,8
197,NJIT,America East,15-15,15,15,26-27,26,27,261,8-10,8,10,159,248,7-8,7,8,16-16,16,16,3-3,3,3,0-6,0,6,0-0,0,0,0-0,0,0,26-21,26,21
198,Kent State,Mid-American,19-19,19,19,24-29,24,29,213,5-10,5,10,126,15,10-14,10,14,14-14,14,14,0-1,0,1,2-8,2,8,2-5,2,5,1-4,1,4,19-12,19,12
199,UMass,Atlantic 10,8-16,8,16,22-26-1,22,26,240,14-10-1,14,10,157,280,9-7,9,7,12-17-1,12,17,1-2,1,2,0-1-0,0,1,0-6-0,0,6,4-5-1,4,5,18-14-0,18,14
200,Marshall,Conference USA,9-21,9,21,20-34-1,20,34,121,11-13-1,11,13,192,197,8-16-1,8,16,7-15,7,15,5-3,5,3,2-10-0,2,10,2-10-0,2,10,5-7-0,5,7,11-7-1,11,7
201,UC San Diego,Big West,13-17,13,17,24-32,24,32,163,11-15,11,15,195,147,14-16,14,16,10-14,10,14,0-2,0,2,2-10,2,10,5-9,5,9,3-7,3,7,14-6,14,6
202,Utah Valley,Western Athletic,10-20,10,20,18-37,18,37,138,8-17,8,17,172,152,7-10,7,10,11-27,11,27,0-0,0,0,1-3,1,3,1-10,1,10,5-7,5,7,11-17,11,17
203,Saint Mary's College,West Coast,9-18,9,18,25-30,25,30,222,16-12,16,12,197,282,14-11,14,11,11-19,11,19,0-0,0,0,3-9,3,9,1-9,1,9,5-4,5,4,16-8,16,8
204,Rice,Conference USA,9-21,9,21,17-39,17,39,61,8-18,8,18,211,54,9-25,9,25,8-14,8,14,0-0,0,0,1-15,1,15,2-16,2,16,4-5,4,5,10-3,10,3
205,Rhode Island,Atlantic 10,14-10,14,10,20-35,20,35,140,6-23,6,23,226,48,12-10,12,10,8-23,8,23,0-2,0,2,1-9,1,9,1-8,1,8,1-5,1,5,17-13,17,13
206,UIC,Horizon League,14-11,14,11,22-25,22,25,254,8-13,8,13,168,145,8-8,8,8,14-15,14,15,0-2,0,2,0-4,0,4,3-2,3,2,4-3,4,3,15-16,15,16
207,Central Arkansas,ASUN,18-12,18,12,24-29,24,29,201,6-17,6,17,250,93,15-13,15,13,9-15,9,15,0-1,0,1,0-4,0,4,1-6,1,6,6-8,6,8,17-11,17,11
208,Monmouth,MAAC,12-10,12,10,24-27,24,27,247,12-15,12,15,167,201,12-4,12,4,7-18,7,18,5-5,5,5,1-3,1,3,0-3,0,3,4-2,4,2,19-19,19,19
209,Murray State,Ohio Valley,11-13,11,13,30-25,30,25,266,19-11,19,11,230,296,22-10,22,10,8-14,8,14,0-1,0,1,0-5,0,5,2-7,2,7,6-4,6,4,22-9,22,9
210,UNC Asheville,Big South,14-9-1,14,9,21-29-1,21,29,204,6-18,6,18,200,43,12-8,12,8,8-19-1,8,19,1-2,1,2,0-6-0,0,6,0-4-0,0,4,2-7-1,2,7,19-12-0,19,12
211,Binghamton,America East,15-15,15,15,22-30,22,30,214,4-13,4,13,240,178,8-12,8,12,11-17,11,17,3-1,3,1,1-7,1,7,0-0,0,0,1-3,1,3,20-20,20,20
212,Florida A&M,SWAC,19-11,19,11,29-30,29,30,251,7-17,7,17,178,37,11-12,11,12,10-15,10,15,8-3,8,3,0-2,0,2,1-7,1,7,1-4,1,4,27-17,27,17
213,Omaha,The Summit League,12-12,12,12,26-31,26,31,223,12-17,12,17,187,183,14-13,14,13,10-17,10,17,2-1,2,1,2-2,2,2,3-2,3,2,6-12,6,12,15-15,15,15
214,Manhattan,MAAC,12-12,12,12,24-26,24,26,280,12-14,12,14,116,196,7-6,7,6,15-19,15,19,2-1,2,1,0-2,0,2,0-0,0,0,2-7,2,7,22-17,22,17
215,Presbyterian College,Big South,9-15,9,15,22-32,22,32,186,13-17,13,17,175,167,12-14,12,14,10-18,10,18,0-0,0,0,0-6,0,6,3-6,3,6,2-5,2,5,17-15,17,15
216,Charleston Southern,Big South,13-11,13,11,24-30,24,30,200,8-17,8,17,235,102,16-12,16,12,5-16,5,16,3-2,3,2,0-5,0,5,1-5,1,5,3-4,3,4,20-16,20,16
217,South Dakota State,The Summit League,13-9,13,9,20-23,20,23,277,7-12,7,12,227,274,6-4,6,4,14-14,14,14,0-5,0,5,0-0,0,0,0-0,0,0,2-14,2,14,18-9,18,9
218,Valparaiso,Missouri Valley,5-15,5,15,16-32,16,32,171,11-16,11,16,186,256,3-12,3,12,13-19,13,19,0-1,0,1,0-5,0,5,2-9,2,9,0-6,0,6,14-12,14,12
219,Richmond,Atlantic 10,11-13,11,13,30-26,30,26,258,15-11,15,11,270,294,18-14,18,14,6-9,6,9,6-3,6,3,0-2,0,2,4-7,4,7,1-1,1,1,25-16,25,16
220,San Diego State,Mountain West,10-20,10,20,18-38,18,38,100,8-18,8,18,214,53,8-25,8,25,9-11,9,11,1-2,1,2,0-5,0,5,6-11,6,11,6-9,6,9,6-13,6,13
221,Oakland,Horizon League,18-11,18,11,29-27,29,27,286,9-14,9,14,253,287,13-6,13,6,14-21,14,21,2-0,2,0,0-0,0,0,2-2,2,2,4-6,4,6,23-19,23,19
222,Northwestern State,Southland,12-12,12,12,24-29,24,29,217,12-15,12,15,256,263,17-10,17,10,6-13,6,13,1-6,1,6,1-5,1,5,0-2,0,2,5-6,5,6,18-16,18,16
223,Western Kentucky,Conference USA,7-23,7,23,18-36,18,36,112,11-13,11,13,206,173,12-20,12,20,6-16,6,16,0-0,0,0,1-12,1,12,7-15,7,15,0-2,0,2,10-7,10,7
224,FIU,Conference USA,8-22,8,22,16-34,16,34,91,8-12,8,12,241,160,11-21,11,21,5-13,5,13,0-0,0,0,1-16,1,16,4-7,4,7,0-3,0,3,11-8,11,8
225,Saint Louis,Atlantic 10,14-9,14,9,28-24,28,24,281,13-13,13,13,267,291,18-8,18,8,8-12,8,12,2-4,2,4,0-0,0,0,1-6,1,6,1-3,1,3,26-15,26,15
226,Saint John's,Big East,7-12-1,7,12,22-32-1,22,32,197,15-20,15,20,246,258,16-10-1,16,10,5-21,5,21,1-1,1,1,1-7-0,1,7,1-9-0,1,9,4-3-0,4,3,16-13-1,16,13
227,Longwood,Big South,10-14,10,14,20-33,20,33,193,10-19,10,19,213,151,11-10,11,10,9-20,9,20,0-3,0,3,0-5,0,5,2-7,2,7,2-11,2,11,16-10,16,10
228,New Mexico State,Western Athletic,10-20,10,20,23-34,23,34,174,9-12,9,12,249,207,13-18,13,18,6-15,6,15,4-1,4,1,0-4,0,4,1-5,1,5,3-8,3,8,19-17,19,17
229,The Citadel,Southern,5-16,5,16,26-31,26,31,210,20-13,20,13,225,283,21-14,21,14,4-15,4,15,1-2,1,2,0-4,0,4,2-12,2,12,4-4,4,4,20-11,20,11
230,Bucknell,Patriot League,14-11,14,11,22-26,22,26,264,5-13,5,13,265,259,12-7,12,7,10-16,10,16,0-3,0,3,0-0,0,0,0-4,0,4,2-3,2,3,20-19,20,19
231,VMI,Southern,6-15,6,15,16-40,16,40,99,10-24,10,24,243,137,10-16,10,16,6-23,6,23,0-1,0,1,0-9,0,9,3-8,3,8,3-12,3,12,10-11,10,11
232,Youngstown State,Horizon League,12-16,12,16,21-36,21,36,233,7-18,7,18,171,96,6-9,6,9,13-25,13,25,2-2,2,2,0-3,0,3,1-5,1,5,4-11,4,11,16-17,16,17
233,Seattle University,Western Athletic,11-19,11,19,15-33,15,33,132,4-12,4,12,207,62,9-10,9,10,6-21,6,21,0-2,0,2,0-5,0,5,3-7,3,7,1-6,1,6,11-15,11,15
234,Miami (OH),Mid-American,18-22,18,22,23-33,23,33,234,5-11,5,11,229,169,9-16,9,16,13-17,13,17,1-0,1,0,0-3,0,3,0-12,0,12,4-3,4,3,19-15,19,15
235,Gardner-Webb,Big South,11-13,11,13,23-36,23,36,182,10-21,10,21,234,116,15-15,15,15,6-19,6,19,2-2,2,2,0-9,0,9,1-7,1,7,1-4,1,4,21-16,21,16
236,Southern,SWAC,21-9,21,9,27-31,27,31,275,3-20,3,20,231,20,14-5,14,5,8-21,8,21,5-5,5,5,1-7,1,7,0-3,0,3,0-4,0,4,26-17,26,17
237,Bethune-Cookman,SWAC,19-11,19,11,27-32,27,32,265,6-19,6,19,261,163,12-13,12,13,11-17,11,17,4-2,4,2,0-7,0,7,0-5,0,5,3-2,3,2,24-18,24,18
238,Albany,America East,11-19,11,19,22-25,22,25,284,11-6,11,6,147,290,4-11,4,11,18-14,18,14,0-0,0,0,0-3,0,3,0-0,0,0,0-0,0,0,22-22,22,22
239,George Washington,Atlantic 10,10-14,10,14,22-30,22,30,226,12-16,12,16,221,203,19-8,19,8,3-22,3,22,0-0,0,0,0-1,0,1,0-7,0,7,2-9,2,9,20-13,20,13
240,Cornell,Ivy League,5-16,5,16,11-25,11,25,169,6-9,6,9,111,114,4-9,4,9,7-15,7,15,0-1,0,1,0-7,0,7,0-3,0,3,2-5,2,5,9-10,9,10
241,Winthrop,Big South,11-13,11,13,18-34,18,34,148,7-21,7,21,223,32,14-16,14,16,4-18,4,18,0-0,0,0,0-7,0,7,2-11,2,11,2-4,2,4,14-12,14,12
242,Butler,Big East,4-16-1,4,16,19-35-1,19,35,188,15-19,15,19,219,245,12-13,12,13,5-20-1,5,20,2-2,2,2,0-5-0,0,5,0-9-0,0,9,5-7-0,5,7,14-14-1,14,14
243,Lehigh,Patriot League,12-13,12,13,25-24,25,24,291,13-9,13,9,209,297,11-6,11,6,11-17,11,17,3-1,3,1,0-0,0,0,1-3,1,3,0-0,0,0,24-21,24,21
244,Austin Peay,Ohio Valley,10-14,10,14,19-37,19,37,168,9-22,9,22,280,236,14-16,14,16,5-20,5,20,0-1,0,1,0-1,0,1,4-7,4,7,5-13,5,13,10-16,10,16
245,Wagner,Northeast,12-15,12,15,17-34,17,34,220,5-19,5,19,236,119,10-8,10,8,7-26,7,26,0-0,0,0,0-5,0,5,0-6,0,6,3-9,3,9,14-14,14,14
246,Minnesota,Big Ten,6-18,6,18,16-36,16,36,131,10-18,10,18,266,229,13-16,13,16,2-18,2,18,1-2,1,2,1-7,1,7,2-12,2,12,3-7,3,7,10-10,10,10
247,Arkansas State,Sun Belt,5-24,5,24,11-38,11,38,93,6-14,6,14,251,166,7-17,7,17,4-21,4,21,0-0,0,0,0-12,0,12,2-16,2,16,0-3,0,3,9-7,9,7
248,Lafayette,Patriot League,10-15,10,15,15-35,15,35,192,5-20,5,20,222,81,8-7,8,7,6-25,6,25,1-3,1,3,0-5,0,5,2-5,2,5,0-2,0,2,13-23,13,23
249,Brown,Ivy League,8-13,8,13,13-23,13,23,249,5-10,5,10,274,286,7-6,7,6,6-17,6,17,0-0,0,0,0-3,0,3,0-3,0,3,2-6,2,6,11-11,11,11
250,Northern Kentucky,Horizon League,11-17,11,17,19-35,19,35,246,7-16,7,16,202,132,7-12,7,12,11-22,11,22,1-1,1,1,0-1,0,1,1-1,1,1,3-15,3,15,15-18,15,18
251,Navy,Patriot League,10-15,10,15,19-26,19,26,263,9-11,9,11,210,198,8-14,8,14,9-10,9,10,2-2,2,2,0-1,0,1,2-1,2,1,0-1,0,1,17-23,17,23
252,Bowling Green,Mid-American,14-24,14,24,18-34,18,34,237,4-10,4,10,204,146,9-9,9,9,6-24,6,24,3-1,3,1,0-2,0,2,0-8,0,8,1-4,1,4,17-20,17,20
253,UTA,Sun Belt,7-23,7,23,15-39,15,39,129,8-16,8,16,254,204,13-14,13,14,2-24,2,24,0-1,0,1,0-14,0,14,2-9,2,9,1-2,1,2,12-14,12,14
254,Western Michigan,Mid-American,15-24,15,24,18-36,18,36,231,3-12,3,12,237,117,8-12,8,12,9-22,9,22,1-2,1,2,0-3,0,3,3-7,3,7,1-7,1,7,14-19,14,19
255,Merrimack,Northeast,12-15,12,15,17-31-1,17,31,259,5-16-1,5,16,262,228,7-7,7,7,8-21-1,8,21,2-3,2,3,0-5-0,0,5,0-0-0,0,0,3-13-0,3,13,14-13-1,14,13
256,Eastern Michigan,Mid-American,16-24,16,24,20-34,20,34,260,4-10,4,10,259,278,9-12,9,12,11-22,11,22,0-0,0,0,0-0,0,0,1-7,1,7,1-6,1,6,18-21,18,21
257,Quinnipiac,MAAC,8-15,8,15,15-33,15,33,239,7-18,7,18,218,174,7-7,7,7,8-25,8,25,0-1,0,1,0-3,0,3,0-3,0,3,3-6,3,6,12-21,12,21
258,Radford,Big South,8-15,8,15,15-33,15,33,165,7-18,7,18,245,87,11-16,11,16,3-16,3,16,1-1,1,1,0-7,0,7,0-5,0,5,3-5,3,5,12-16,12,16
259,Purdue Fort Wayne,Horizon League,13-15,13,15,18-36,18,36,257,5-20,5,20,269,223,6-11,6,11,12-24,12,24,0-1,0,1,0-1,0,1,1-4,1,4,1-12,1,12,16-19,16,19
260,Tarleton State,Western Athletic,10-20,10,20,16-36,16,36,158,6-16,6,16,275,182,13-17,13,17,3-19,3,19,0-0,0,0,1-4,1,4,0-5,0,5,5-16,5,16,10-11,10,11
261,Stephen F. Austin,Western Athletic,8-22,8,22,15-37,15,37,206,7-15,7,15,252,257,8-12,8,12,7-25,7,25,0-0,0,0,0-5,0,5,0-1,0,1,5-13,5,13,10-18,10,18
262,Tennessee-Martin,Ohio Valley,4-20,4,20,11-34,11,34,170,7-14,7,14,244,253,4-13,4,13,7-20,7,20,0-1,0,1,1-0,1,0,2-7,2,7,3-7,3,7,5-20,5,20
263,Niagara,MAAC,13-11,13,11,22-32,22,32,287,6-19,6,19,293,298,11-4,11,4,8-26,8,26,3-2,3,2,0-0,0,0,0-0,0,0,1-3,1,3,21-29,21,29
264,Towson,Colonial Athletic,4-19,4,19,14-39,14,39,146,10-20,10,20,258,211,11-14,11,14,1-25,1,25,2-0,2,0,0-9,0,9,2-10,2,10,2-9,2,9,10-11,10,11
265,UMBC,America East,11-19,11,19,23-32,23,32,268,11-11,11,11,248,277,15-15,15,15,7-15,7,15,1-2,1,2,0-2,0,2,0-0,0,0,0-2,0,2,23-28,23,28
266,Milwaukee,Horizon League,9-18,9,18,17-30,17,30,269,8-12,8,12,189,220,6-14,6,14,11-16,11,16,0-0,0,0,0-4,0,4,0-1,0,1,4-7,4,7,13-18,13,18
267,Fordham,Atlantic 10,9-15,9,15,16-36,16,36,198,7-21,7,21,260,138,13-13,13,13,3-23,3,23,0-0,0,0,0-7,0,7,0-6,0,6,0-3,0,3,16-20,16,20
268,Cal State Bakersfield,Big West,11-19,11,19,18-34,18,34,235,7-15,7,15,286,268,10-22,10,22,8-12,8,12,0-0,0,0,0-3,0,3,4-8,4,8,2-12,2,12,12-11,12,11
269,North Carolina A&T,Big South,3-21,3,21,15-38,15,38,175,12-17,12,17,185,110,12-16,12,16,3-21,3,21,0-1,0,1,1-2,1,2,3-11,3,11,1-4,1,4,10-21,10,21
270,Pacific,West Coast,5-22,5,22,14-38,14,38,178,9-16,9,16,264,262,11-15,11,15,3-22,3,22,0-1,0,1,0-9,0,9,0-8,0,8,1-12,1,12,13-9,13,9
271,Prairie View A&M,SWAC,19-11,19,11,25-27,25,27,298,5-14,5,14,255,243,11-5,11,5,12-17,12,17,2-5,2,5,0-1,0,1,0-1,0,1,0-0,0,0,25-25,25,25
272,Delaware State,MEAC,19-14,19,14,25-23,25,23,300,3-7,3,7,272,246,11-8,11,8,12-13,12,13,2-2,2,2,0-0,0,0,0-1,0,1,0-0,0,0,25-22,25,22
273,Holy Cross,Patriot League,11-14,11,14,17-37,17,37,278,6-21,6,21,284,284,7-7,7,7,10-30,10,30,0-0,0,0,0-0,0,0,0-4,0,4,1-4,1,4,16-29,16,29
274,Northern Illinois,Mid-American,13-25,13,25,14-40,14,40,225,1-15,1,15,285,131,7-13,7,13,7-27,7,27,0-0,0,0,0-1,0,1,0-8,0,8,1-5,1,5,13-26,13,26
275,Grambling State,SWAC,20-10,20,10,24-31,24,31,290,3-19,3,19,283,153,10-14,10,14,11-12,11,12,3-5,3,5,0-3,0,3,0-0,0,0,0-5,0,5,24-23,24,23
276,Fairleigh Dickinson,Northeast,16-11,16,11,24-30,24,30,292,8-17,8,17,296,301,14-12,14,12,10-16,10,16,0-2,0,2,0-0,0,0,0-0,0,0,4-6,4,6,20-24,20,24
277,Hartford,America East,11-19,11,19,13-37,13,37,230,2-16,2,16,291,227,7-14,7,14,6-21,6,21,0-2,0,2,0-4,0,4,0-0,0,0,0-3,0,3,13-30,13,30
278,Jackson State,SWAC,16-14,16,14,26-27,26,27,299,10-11,10,11,233,267,16-9,16,9,9-14,9,14,1-4,1,4,0-1,0,1,0-0,0,0,0-1,0,1,26-25,26,25
279,Akron,Mid-American,11-29,11,29,14-39,14,39,216,3-10,3,10,216,55,10-14,10,14,4-25,4,25,0-0,0,0,0-7,0,7,1-7,1,7,1-6,1,6,12-19,12,19
280,Bellarmine,ASUN,8-22,8,22,11-43,11,43,191,3-21,3,21,277,121,7-12,7,12,4-29,4,29,0-2,0,2,0-6,0,6,0-3,0,3,2-13,2,13,9-21,9,21
281,Siena,MAAC,8-15,8,15,11-37,11,37,224,3-22,3,22,276,109,7-11,7,11,4-26,4,26,0-0,0,0,0-3,0,3,0-6,0,6,0-4,0,4,11-24,11,24
282,Texas Southern,SWAC,19-11,19,11,20-24,20,24,296,1-11,1,11,279,125,10-5,10,5,10-15,10,15,0-4,0,4,0-1,0,1,0-2,0,2,0-6,0,6,20-15,20,15
283,Mount Saint Mary's,Northeast,7-20,7,20,14-34,14,34,270,7-14,7,14,247,225,7-11,7,11,6-20,6,20,1-3,1,3,0-0,0,0,0-0,0,0,2-12,2,12,12-22,12,22
284,Coppin State,MEAC,17-13,17,13,24-30,24,30,293,4-14,4,14,298,293,13-15,13,15,8-13,8,13,3-2,3,2,0-2,0,2,0-0,0,0,0-4,0,4,24-24,24,24
285,Saint Thomas,The Summit League,10-14,10,14,15-28,15,28,289,5-14,5,14,288,299,7-7,7,7,5-21,5,21,3-0,3,0,0-0,0,0,0-3,0,3,2-4,2,4,13-21,13,21
286,Princeton,Ivy League,3-18,3,18,7-33,7,33,202,4-15,4,15,273,222,4-10,4,10,3-19,3,19,0-4,0,4,1-4,1,4,0-5,0,5,1-12,1,12,5-12,5,12
287,UC Riverside,Big West,4-26,4,26,8-45,8,45,166,4-19,4,19,278,144,7-21,7,21,1-24,1,24,0-0,0,0,0-3,0,3,2-15,2,15,0-11,0,11,6-16,6,16
288,North Alabama,ASUN,5-25,5,25,12-41,12,41,243,7-16,7,16,263,219,11-13,11,13,1-28,1,28,0-0,0,0,1-4,1,4,0-1,0,1,2-14,2,14,9-22,9,22
289,Norfolk State,MEAC,12-18,12,18,15-32,15,32,288,3-12,3,12,268,75,9-19,9,19,6-13,6,13,0-0,0,0,0-0,0,0,0-3,0,3,1-2,1,2,14-27,14,27
290,Iona,MAAC,6-18,6,18,6-41,6,41,218,0-23,0,23,287,64,4-9,4,9,2-32,2,32,0-0,0,0,0-7,0,7,0-0,0,0,0-4,0,4,6-30,6,30
291,UC Davis,Big West,5-25,5,25,6-35,6,35,219,1-10,1,10,297,270,4-16,4,16,2-19,2,19,0-0,0,0,0-4,0,4,0-9,0,9,1-5,1,5,5-17,5,17
292,Sacred Heart,Northeast,9-18,9,18,12-41,12,41,271,3-23,3,23,295,261,10-8,10,8,2-29,2,29,0-4,0,4,0-0,0,0,0-3,0,3,3-11,3,11,9-27,9,27
293,Alabama A&M,SWAC,10-20,10,20,12-34,12,34,282,2-14,2,14,292,244,6-18,6,18,6-16,6,16,0-0,0,0,0-1,0,1,1-2,1,2,0-3,0,3,11-28,11,28
294,Maryland Eastern Shore,MEAC,15-18,15,18,17-37,17,37,294,1-17,1,17,301,292,7-15,7,15,10-20,10,20,0-2,0,2,0-0,0,0,0-0,0,0,0-2,0,2,17-35,17,35
295,Saint Peter's,MAAC,6-17,6,17,9-41,9,41,272,3-24,3,24,289,239,4-11,4,11,5-29,5,29,0-1,0,1,0-1,0,1,0-3,0,3,0-7,0,7,9-30,9,30
296,Western Illinois,The Summit League,5-19,5,19,8-44,8,44,274,3-25,3,25,290,251,2-13,2,13,6-31,6,31,0-0,0,0,0-0,0,0,0-6,0,6,3-10,3,10,5-28,5,28
297,Northern Colorado,The Summit League,8-16,8,16,9-36,9,36,283,1-20,1,20,300,279,4-8,4,8,5-28,5,28,0-0,0,0,0-0,0,0,0-6,0,6,0-11,0,11,9-19,9,19
298,Saint Bonaventure,Atlantic 10,3-21,3,21,5-39,5,39,253,2-18,2,18,299,281,4-11,4,11,1-24,1,24,0-4,0,4,0-0,0,0,0-4,0,4,0-1,0,1,5-34,5,34
299,Arkansas-Pine Bluff,SWAC,9-21,9,21,11-36-1,11,36,301,2-15-1,2,15,281,154,4-17-1,4,17,7-17,7,17,0-2,0,2,0-2-0,0,2,0-0-0,0,0,0-4-0,0,4,11-30-1,11,30
300,Mississippi Valley State,SWAC,4-25,4,25,6-31-1,6,31,295,2-6-1,2,6,282,295,3-11,3,11,3-20-1,3,20,0-0,0,0,0-0-0,0,0,0-0-0,0,0,0-0-0,0,0,6-31-1,6,31
301,Alcorn State,SWAC,2-28,2,28,2-39,2,39,297,0-11,0,11,294,133,0-16,0,16,2-23,2,23,0-0,0,0,0-1,0,1,0-0,0,0,0-0,0,0,2-38,2,38
