Rank,Team,Conference,Conference_Record,Conference_Record_Wins,Conference_Record_Losses,Overall_Record,Overall_Record_Wins,Overall_Record_Losses,SOS,NC_Rec,NC_Rec_Wins,NC_Rec_Losses,NC_RPI,NC_SOS,Home,Home_Wins,Home_Losses,Road,Road_Wins,Road_Losses,Neutral,Neutral_Wins,Neutral_Losses,Q1,Q1_Wins,Q1_Losses,Q2,Q2_Wins,Q2_Losses,Q3,Q3_Wins,Q3_Losses,Q4,Q4_Wins,Q4_Losses
1,LSU,SEC,19-10,19,10,54-17,54,17,3,23-3,23,3,4,26,33-7,33,7,12-5,12,5,9-5,9,5,27-14,27,14,10-2,10,2,7-1,7,1,10-0,10,0
2,Wake Forest,ACC,22-7,22,7,54-12,54,12,27,23-2,23,2,2,45,34-3,34,3,16-6,16,6,4-3,4,3,24-8,24,8,15-4,15,4,3-0,3,0,12-0,12,0
3,Florida,SEC,20-10,20,10,54-17,54,17,10,22-3,22,3,10,69,36-7,36,7,11-7,11,7,7-3,7,3,30-15,30,15,8-0,8,0,3-1,3,1,13-1,13,1
4,Kentucky,SEC,16-14,16,14,40-21,40,21,1,20-3,20,3,1,7,29-7,29,7,11-13,11,13,0-1,0,1,21-19,21,19,8-2,8,2,6-0,6,0,5-0,5,0
5,Arkansas,SEC,20-10,20,10,43-18,43,18,5,19-5,19,5,16,32,32-6,32,6,7-9,7,9,4-3,4,3,19-13,19,13,11-3,11,3,5-1,5,1,8-1,8,1
6,South Carolina,SEC,16-13,16,13,42-21,42,21,4,22-4,22,4,6,37,29-7,29,7,9-12,9,12,4-2,4,2,20-17,20,17,4-3,4,3,4-0,4,0,14-1,14,1
7,Clemson,ACC,20-10,20,10,44-19,44,19,9,19-7,19,7,22,21,25-12,25,12,14-5,14,5,5-2,5,2,23-10,23,10,13-6,13,6,0-3,0,3,8-0,8,0
8,Vanderbilt,SEC,19-11,19,11,42-20,42,20,6,18-6,18,6,38,54,26-8,26,8,8-9,8,9,8-3,8,3,21-16,21,16,11-2,11,2,4-1,4,1,6-1,6,1
9,Indiana State,Missouri Valley,24-3,24,3,45-17,45,17,39,14-11,14,11,18,4,18-3,18,3,21-9,21,9,6-5,6,5,4-11,4,11,11-4,11,4,13-1,13,1,17-1,17,1
10,Alabama,SEC,16-14,16,14,43-21,43,21,13,22-3,22,3,8,71,29-8,29,8,10-11,10,11,4-2,4,2,19-16,19,16,6-2,6,2,7-2,7,2,11-1,11,1
11,Virginia,ACC,19-11,19,11,50-15,50,15,43,25-0,25,0,3,125,37-5,37,5,11-7,11,7,2-3,2,3,17-10,17,10,14-5,14,5,4-0,4,0,15-0,15,0
12,Tennessee,SEC,16-14,16,14,44-22,44,22,17,22-4,22,4,23,96,33-5,33,5,7-13,7,13,4-4,4,4,17-19,17,19,8-2,8,2,3-0,3,0,16-1,16,1
13,Campbell,Big South,22-5,22,5,46-15,46,15,75,19-8,19,8,9,14,20-4,20,4,20-10,20,10,6-1,6,1,10-7,10,7,8-5,8,5,1-0,1,0,27-3,27,3
14,Dallas Baptist,Conference USA,25-5,25,5,47-16,47,16,54,17-8,17,8,19,18,26-5,26,5,16-8,16,8,5-3,5,3,7-9,7,9,9-2,9,2,11-2,11,2,20-3,20,3
15,TCU,Big 12,13-11,13,11,44-24,44,24,16,20-11,20,11,29,10,23-11,23,11,10-9,10,9,11-4,11,4,17-16,17,16,9-5,9,5,12-3,12,3,6-0,6,0
16,Miami (FL),ACC,18-12,18,12,42-21,42,21,25,19-6,19,6,45,108,30-6,30,6,9-13,9,13,3-2,3,2,17-15,17,15,9-4,9,4,5-2,5,2,11-0,11,0
17,Stanford,Pac-12,23-7,23,7,44-20,44,20,29,14-7,14,7,34,30,25-9,25,9,17-7,17,7,2-4,2,4,13-11,13,11,20-8,20,8,4-0,4,0,7-1,7,1
18,Duke,ACC,16-13,16,13,39-24,39,24,7,19-6,19,6,49,56,24-12,24,12,12-10,12,10,3-2,3,2,19-16,19,16,8-5,8,5,0-0,0,0,12-3,12,3
19,Coastal Carolina,Sun Belt,23-7,23,7,42-21,42,21,19,14-10,14,10,44,1,26-12,26,12,14-7,14,7,2-2,2,2,12-10,12,10,15-8,15,8,8-2,8,2,7-1,7,1
20,Texas,Big 12,15-9,15,9,42-22,42,22,22,23-9,23,9,21,17,28-8,28,8,12-9,12,9,2-5,2,5,16-13,16,13,8-5,8,5,9-3,9,3,9-1,9,1
21,Southern Miss,Sun Belt,22-8,22,8,46-20,46,20,42,15-8,15,8,53,31,27-7,27,7,12-10,12,10,7-3,7,3,12-7,12,7,14-10,14,10,12-3,12,3,8-0,8,0
22,Boston College,ACC,16-14,16,14,37-20,37,20,33,18-3,18,3,15,151,13-9,13,9,18-9,18,9,6-2,6,2,14-16,14,16,7-3,7,3,1-0,1,0,15-1,15,1
23,Oklahoma State,Big 12,15-9,15,9,41-20,41,20,28,22-7,22,7,24,50,25-9,25,9,11-7,11,7,5-4,5,4,14-17,14,17,5-1,5,1,8-2,8,2,14-0,14,0
24,North Carolina State,ACC,13-16,13,16,36-21,36,21,20,21-2,21,2,5,82,26-7,26,7,7-12,7,12,3-2,3,2,11-19,11,19,8-2,8,2,2-0,2,0,15-0,15,0
25,Connecticut,Big East,15-5,15,5,44-17,44,17,77,25-8,25,8,13,51,18-4,18,4,18-8,18,8,8-5,8,5,4-7,4,7,11-4,11,4,15-4,15,4,14-2,14,2
26,East Carolina,American Athletic,18-6,18,6,47-19,47,19,63,23-9,23,9,11,12,29-5,29,5,12-11,12,11,6-3,6,3,6-10,6,10,11-1,11,1,9-5,9,5,21-3,21,3
27,West Virginia,Big 12,15-9,15,9,40-20,40,20,48,24-7,24,7,20,105,18-6,18,6,19-11,19,11,3-3,3,3,12-11,12,11,9-2,9,2,8-6,8,6,11-1,11,1
28,Texas A&M,SEC,14-16,14,16,38-27,38,27,8,18-7,18,7,68,80,22-13,22,13,9-10,9,10,7-4,7,4,16-20,16,20,6-4,6,4,4-3,4,3,12-0,12,0
29,Auburn,SEC,17-13,17,13,34-23-1,34,23,12,16-6-1,16,6,54,61,23-11-1,23,11,8-10,8,10,3-2,3,2,15-17-0,15,17,12-2-1,12,2,3-3-0,3,3,4-1-0,4,1
30,Oregon,Pac-12,16-14,16,14,41-22,41,22,21,17-6,17,6,25,19,24-15,24,15,11-7,11,7,6-0,6,0,13-9,13,9,13-10,13,10,11-2,11,2,4-1,4,1
31,Indiana,Big Ten,16-8,16,8,43-20,43,20,56,24-8,24,8,12,49,26-4,26,4,14-13,14,13,3-3,3,3,10-14,10,14,8-4,8,4,8-2,8,2,17-0,17,0
32,Iowa,Big Ten,15-8,15,8,40-16,40,16,79,20-5,20,5,17,109,19-3,19,3,9-11,9,11,12-2,12,2,8-9,8,9,9-2,9,2,4-2,4,2,19-3,19,3
33,North Carolina,ACC,14-14,14,14,36-24,36,24,15,19-7,19,7,47,53,24-12,24,12,9-8,9,8,3-4,3,4,12-21,12,21,9-2,9,2,3-1,3,1,12-0,12,0
34,Oregon State,Pac-12,18-12,18,12,41-20,41,20,61,21-4,21,4,32,174,23-6,23,6,12-11,12,11,6-3,6,3,5-7,5,7,16-8,16,8,5-2,5,2,15-3,15,3
35,Maryland,Big Ten,17-7,17,7,42-21,42,21,62,20-12,20,12,75,104,18-9,18,9,19-8,19,8,5-4,5,4,7-5,7,5,11-8,11,8,12-3,12,3,12-5,12,5
36,Northeastern,Colonial Athletic,20-10,20,10,44-16,44,16,121,21-2,21,2,14,179,20-4,20,4,18-8,18,8,6-4,6,4,8-5,8,5,7-5,7,5,8-2,8,2,21-4,21,4
37,Texas Tech,Big 12,12-12,12,12,41-23,41,23,37,25-7,25,7,28,74,30-7,30,7,7-12,7,12,4-4,4,4,14-15,14,15,5-3,5,3,9-1,9,1,13-4,13,4
38,Washington,Pac-12,17-12,17,12,35-20,35,20,46,16-4,16,4,31,149,17-8,17,8,16-8,16,8,2-4,2,4,6-7,6,7,13-10,13,10,7-1,7,1,9-2,9,2
39,Troy,Sun Belt,18-12,18,12,40-22,40,22,51,20-6,20,6,7,15,24-8,24,8,14-10,14,10,2-4,2,4,5-8,5,8,12-8,12,8,9-5,9,5,14-1,14,1
40,Oklahoma,Big 12,11-13,11,13,32-28,32,28,18,19-11,19,11,39,22,15-12,15,12,13-10,13,10,4-6,4,6,13-15,13,15,5-5,5,5,7-4,7,4,7-4,7,4
41,Georgia,SEC,11-19,11,19,29-27,29,27,11,18-7,18,7,63,86,20-13,20,13,8-12,8,12,1-2,1,2,11-19,11,19,6-4,6,4,2-1,2,1,10-3,10,3
42,Xavier,Big East,14-7,14,7,39-25,39,25,72,20-15,20,15,50,58,10-9,10,9,24-13,24,13,5-3,5,3,5-14,5,14,7-2,7,2,8-5,8,5,19-4,19,4
43,UNCW,Colonial Athletic,20-8,20,8,34-23,34,23,40,11-13,11,13,84,11,19-11,19,11,12-11,12,11,3-1,3,1,8-12,8,12,6-3,6,3,8-4,8,4,12-4,12,4
44,Louisville,ACC,10-20,10,20,31-24,31,24,23,21-4,21,4,27,137,23-10,23,10,5-14,5,14,3-0,3,0,10-17,10,17,4-6,4,6,3-0,3,0,14-1,14,1
45,Kent State,Mid-American,24-6,24,6,40-16,40,16,184,14-8,14,8,40,84,20-1,20,1,17-13,17,13,3-2,3,2,0-1,0,1,2-5,2,5,7-6,7,6,31-4,31,4
46,UC Irvine,Big West,19-11,19,11,38-17,38,17,104,19-6,19,6,36,95,18-10,18,10,19-6,19,6,1-1,1,1,0-0,0,0,18-12,18,12,5-1,5,1,15-4,15,4
47,Oral Roberts,The Summit League,23-1,23,1,52-14,52,14,214,20-10,20,10,37,52,23-4,23,4,21-7,21,7,8-3,8,3,8-7,8,7,3-2,3,2,5-2,5,2,36-3,36,3
48,Louisiana,Sun Belt,18-12,18,12,41-24,41,24,65,18-8,18,8,67,98,24-9,24,9,12-11,12,11,5-4,5,4,7-12,7,12,6-6,6,6,7-4,7,4,21-2,21,2
49,Missouri,SEC,10-20,10,20,30-24,30,24,34,20-3,20,3,42,228,19-7,19,7,7-15,7,15,4-2,4,2,10-21,10,21,5-1,5,1,3-0,3,0,12-2,12,2
50,Virginia Tech,ACC,12-17,12,17,30-23,30,23,32,18-4,18,4,58,203,21-10,21,10,9-11,9,11,0-2,0,2,6-16,6,16,13-5,13,5,0-0,0,0,11-2,11,2
51,Mississippi State,SEC,9-21,9,21,27-26,27,26,14,18-5,18,5,51,99,16-14,16,14,6-10,6,10,5-2,5,2,9-21,9,21,10-3,10,3,2-0,2,0,6-2,6,2
52,Arizona State,Pac-12,16-13,16,13,32-23,32,23,41,15-9,15,9,91,106,22-9,22,9,8-13,8,13,2-1,2,1,5-12,5,12,14-10,14,10,5-1,5,1,8-0,8,0
53,Kansas State,Big 12,13-11,13,11,35-24,35,24,52,20-11,20,11,83,159,19-8,19,8,14-11,14,11,2-5,2,5,12-14,12,14,2-2,2,2,7-4,7,4,14-4,14,4
54,Arizona,Pac-12,12-18,12,18,33-26,33,26,31,18-5,18,5,26,68,23-8,23,8,4-14,4,14,6-4,6,4,8-13,8,13,12-11,12,11,5-1,5,1,8-1,8,1
55,USC,Pac-12,17-13,17,13,34-23-1,34,23,50,16-9-1,16,9,102,156,26-6,26,6,7-15-1,7,15,1-2,1,2,4-13-1,4,13,15-7-0,15,7,7-1-0,7,1,8-2-0,8,2
56,UC Santa Barbara,Big West,18-12,18,12,35-20,35,20,92,17-8,17,8,35,64,19-6,19,6,14-12,14,12,2-2,2,2,6-4,6,4,7-9,7,9,5-0,5,0,17-7,17,7
57,Wofford,Southern,12-9,12,9,40-19,40,19,109,25-8,25,8,41,89,19-10,19,10,16-7,16,7,5-2,5,2,3-6,3,6,7-3,7,3,5-6,5,6,24-4,24,4
58,Notre Dame,ACC,15-15,15,15,30-24,30,24,45,15-7,15,7,107,274,17-7,17,7,11-15,11,15,2-2,2,2,10-12,10,12,6-9,6,9,4-1,4,1,10-2,10,2
59,FGCU,ASUN,20-10,20,10,42-18,42,18,160,18-7,18,7,46,132,19-7,19,7,19-9,19,9,4-2,4,2,2-1,2,1,7-6,7,6,11-3,11,3,22-8,22,8
60,Texas State,Sun Belt,17-13,17,13,36-23,36,23,68,18-8,18,8,52,70,25-7,25,7,10-14,10,14,1-2,1,2,7-15,7,15,9-4,9,4,4-2,4,2,16-2,16,2
61,Florida State,ACC,9-21,9,21,23-31,23,31,2,14-10,14,10,43,6,17-13,17,13,6-17,6,17,0-1,0,1,8-22,8,22,7-5,7,5,5-3,5,3,3-1,3,1
62,Samford,Southern,15-6,15,6,37-25,37,25,78,17-16,17,16,97,72,21-5,21,5,11-17,11,17,5-3,5,3,1-8,1,8,3-4,3,4,14-8,14,8,19-5,19,5
63,Elon,Colonial Athletic,19-9,19,9,33-22,33,22,59,13-11,13,11,87,33,18-12,18,12,14-8,14,8,1-2,1,2,7-9,7,9,5-3,5,3,5-2,5,2,16-8,16,8
64,Cal State Fullerton,Big West,20-10,20,10,32-24,32,24,55,11-12,11,12,86,20,15-13,15,13,16-10,16,10,1-1,1,1,6-8,6,8,10-11,10,11,2-3,2,3,14-2,14,2
65,Charlotte,Conference USA,17-12,17,12,36-28,36,28,49,12-13,12,13,79,8,19-12,19,12,11-13,11,13,6-3,6,3,6-12,6,12,5-7,5,7,6-6,6,6,18-4,18,4
66,UCLA,Pac-12,12-16-1,12,16,28-24-1,28,24,38,15-7,15,7,65,113,19-9-1,19,9,8-14,8,14,1-1,1,1,7-11-0,7,11,9-11-0,9,11,4-0-1,4,0,8-2-0,8,2
67,Georgia Tech,ACC,12-18,12,18,30-27,30,27,30,18-7,18,7,66,139,23-10,23,10,6-15,6,15,1-2,1,2,10-21,10,21,6-4,6,4,3-1,3,1,11-1,11,1
68,Rutgers,Big Ten,14-10,14,10,33-23,33,23,102,19-11,19,11,30,67,16-4,16,4,16-15,16,15,1-4,1,4,2-8,2,8,4-5,4,5,12-6,12,6,15-4,15,4
69,Charleston,Colonial Athletic,18-12,18,12,36-22,36,22,80,16-8,16,8,70,63,25-9,25,9,9-10,9,10,2-3,2,3,5-8,5,8,6-6,6,6,6-5,6,5,19-3,19,3
70,Michigan State,Big Ten,12-12,12,12,33-22,33,22,99,20-8,20,8,60,161,17-4,17,4,10-13,10,13,6-5,6,5,4-5,4,5,9-10,9,10,4-3,4,3,16-4,16,4
71,Grand Canyon,Western Athletic,22-7,22,7,37-21,37,21,113,14-12,14,12,90,46,20-9,20,9,14-8,14,8,3-4,3,4,1-3,1,3,8-10,8,10,5-3,5,3,23-5,23,5
72,Evansville,Missouri Valley,15-12,15,12,37-24,37,24,107,18-10,18,10,78,169,17-9,17,9,16-13,16,13,4-2,4,2,2-10,2,10,5-0,5,0,7-5,7,5,23-9,23,9
73,Cal State Northridge,Big West,20-10,20,10,34-17,34,17,155,14-7,14,7,105,227,19-8,19,8,15-9,15,9,0-0,0,0,2-1,2,1,8-8,8,8,6-3,6,3,18-5,18,5
74,Sam Houston State,Western Athletic,22-8,22,8,39-25,39,25,97,11-14,11,14,127,57,17-10,17,10,14-11,14,11,8-4,8,4,3-7,3,7,6-4,6,4,12-2,12,2,18-12,18,12
75,UTSA,Conference USA,21-8,21,8,38-19,38,19,138,17-9,17,9,103,172,25-8,25,8,13-9,13,9,0-2,0,2,1-3,1,3,5-4,5,4,9-5,9,5,23-7,23,7
76,Hawaii,Big West,18-12,18,12,29-20,29,20,85,11-8,11,8,82,59,19-7,19,7,8-12,8,12,2-1,2,1,3-5,3,5,13-7,13,7,0-2,0,2,13-6,13,6
77,Santa Clara,West Coast,17-10,17,10,36-20,36,20,151,14-8,14,8,57,55,18-8,18,8,13-12,13,12,5-0,5,0,3-5,3,5,6-3,6,3,5-7,5,7,22-5,22,5
78,Ohio State,Big Ten,9-15,9,15,31-25,31,25,70,22-10,22,10,61,100,19-7,19,7,7-14,7,14,5-4,5,4,6-11,6,11,4-8,4,8,8-3,8,3,13-3,13,3
79,FAU,Conference USA,16-14,16,14,34-25,34,25,74,17-9,17,9,48,25,25-9,25,9,8-14,8,14,1-2,1,2,2-10,2,10,5-5,5,5,4-6,4,6,23-4,23,4
80,Wright State,Horizon League,22-8,22,8,39-23,39,23,175,13-12,13,12,55,16,21-3,21,3,13-17,13,17,5-3,5,3,1-9,1,9,5-4,5,4,1-0,1,0,32-10,32,10
81,Pittsburgh,ACC,10-18,10,18,24-31,24,31,26,13-12,13,12,115,107,11-10,11,10,7-15,7,15,6-6,6,6,8-17,8,17,7-6,7,6,3-4,3,4,6-4,6,4
82,UC San Diego,Big West,21-9,21,9,34-18,34,18,135,13-9,13,9,154,177,21-9,21,9,12-6,12,6,1-3,1,3,1-3,1,3,9-13,9,13,4-2,4,2,20-0,20,0
83,Missouri State,Missouri Valley,18-9,18,9,33-23,33,23,103,13-12,13,12,108,112,16-10,16,10,14-11,14,11,3-2,3,2,2-10,2,10,0-4,0,4,9-2,9,2,22-7,22,7
84,California,Pac-12,12-18,12,18,24-28,24,28,36,12-8,12,8,92,176,11-11,11,11,12-13,12,13,1-4,1,4,6-12,6,12,7-14,7,14,4-2,4,2,7-0,7,0
85,South Carolina Upstate,Big South,21-6,21,6,38-22,38,22,137,15-14,15,14,140,131,22-9,22,9,13-10,13,10,3-3,3,3,3-10,3,10,2-3,2,3,0-0,0,0,33-9,33,9
86,Ole Miss,SEC,6-24,6,24,25-29,25,29,24,19-5,19,5,56,144,17-15,17,15,6-13,6,13,2-1,2,1,9-23,9,23,2-3,2,3,5-2,5,2,9-1,9,1
87,Long Beach State,Big West,17-13,17,13,33-22,33,22,112,16-9,16,9,85,123,18-10,18,10,11-11,11,11,4-1,4,1,4-1,4,1,7-13,7,13,3-3,3,3,19-5,19,5
88,Appalachian State,Sun Belt,16-13,16,13,30-25,30,25,73,11-10,11,10,139,110,15-12,15,12,11-10,11,10,4-3,4,3,6-13,6,13,8-3,8,3,1-2,1,2,15-7,15,7
89,William & Mary,Colonial Athletic,15-15,15,15,32-25,32,25,89,17-8,17,8,59,94,22-8,22,8,10-15,10,15,0-2,0,2,4-8,4,8,3-6,3,6,5-5,5,5,20-6,20,6
90,Lipscomb,ASUN,23-7,23,7,36-26,36,26,133,10-15,10,15,135,60,18-7,18,7,14-16,14,16,4-3,4,3,2-6,2,6,7-9,7,9,7-3,7,3,21-7,21,7
91,Old Dominion,Sun Belt,15-15,15,15,32-23,32,23,101,17-7,17,7,62,116,19-12,19,12,13-10,13,10,0-1,0,1,2-7,2,7,7-12,7,12,2-1,2,1,21-3,21,3
92,Rider,MAAC,14-7,14,7,36-21,36,21,220,18-11,18,11,69,155,10-5,10,5,22-14,22,14,4-2,4,2,3-5,3,5,0-1,0,1,6-3,6,3,27-12,27,12
93,Washington State,Pac-12,10-19,10,19,28-23,28,23,93,18-4,18,4,80,278,14-10,14,10,9-12,9,12,5-1,5,1,4-9,4,9,9-9,9,9,1-3,1,3,14-2,14,2
94,New Orleans,Southland,13-11,13,11,35-24,35,24,162,19-11,19,11,89,194,19-6,19,6,13-16,13,16,3-2,3,2,1-5,1,5,0-0,0,0,16-11,16,11,18-8,18,8
95,Army,Patriot League,21-4,21,4,38-18,38,18,243,13-11,13,11,118,191,16-4,16,4,17-11,17,11,5-3,5,3,0-3,0,3,3-5,3,5,2-2,2,2,33-8,33,8
96,Illinois,Big Ten,12-12,12,12,25-27,25,27,67,13-13,13,13,72,35,11-8,11,8,10-15,10,15,4-4,4,4,4-10,4,10,8-7,8,7,3-5,3,5,10-5,10,5
97,Liberty,ASUN,16-14,16,14,27-31,27,31,53,10-14,10,14,64,2,15-10,15,10,11-18,11,18,1-3,1,3,2-12,2,12,5-6,5,6,0-4,0,4,20-9,20,9
98,Georgia State,Sun Belt,16-14,16,14,31-28,31,28,84,14-12,14,12,119,119,21-9,21,9,9-17,9,17,1-2,1,2,4-9,4,9,5-11,5,11,7-4,7,4,15-4,15,4
99,Nebraska,Big Ten,15-9,15,9,33-23-1,33,23,158,16-12-1,16,12,144,218,15-7,15,7,11-12-1,11,12,7-4,7,4,2-7-0,2,7,6-2-0,6,2,11-8-1,11,8,14-6-0,14,6
100,James Madison,Sun Belt,15-13,15,13,31-25,31,25,123,15-10,15,10,136,260,18-8,18,8,12-15,12,15,1-2,1,2,4-9,4,9,7-10,7,10,2-4,2,4,18-2,18,2
101,Ball State,Mid-American,19-11,19,11,36-23,36,23,199,14-10,14,10,94,183,13-6,13,6,14-15,14,15,9-2,9,2,2-9,2,9,2-3,2,3,2-3,2,3,30-8,30,8
102,Houston,American Athletic,17-6,17,6,36-23,36,23,168,16-15,16,15,176,212,17-11,17,11,15-9,15,9,4-3,4,3,2-5,2,5,2-4,2,4,14-8,14,8,18-6,18,6
103,Penn,Ivy League,16-5,16,5,34-16,34,16,255,13-9,13,9,73,165,12-5,12,5,18-9,18,9,4-2,4,2,1-5,1,5,1-1,1,1,8-2,8,2,24-8,24,8
104,Georgia Southern,Sun Belt,16-14,16,14,27-29,27,29,57,11-14,11,14,122,36,17-13,17,13,10-14,10,14,0-2,0,2,6-9,6,9,5-15,5,15,9-1,9,1,7-4,7,4
105,San Jose State,Mountain West,18-11,18,11,31-27,31,27,124,9-13,9,13,117,39,14-9,14,9,12-16,12,16,5-2,5,2,1-6,1,6,1-3,1,3,8-10,8,10,21-8,21,8
106,Portland,West Coast,17-10,17,10,31-23,31,23,159,12-11,12,11,99,83,13-10,13,10,16-10,16,10,2-3,2,3,4-6,4,6,2-3,2,3,3-4,3,4,22-10,22,10
107,Central Connecticut,Northeast,25-5,25,5,36-14,36,14,264,7-6,7,6,120,124,15-6,15,6,15-5,15,5,6-3,6,3,0-6,0,6,0-0,0,0,1-0,1,0,35-8,35,8
108,Nicholls,Southland,15-9,15,9,32-24,32,24,146,13-13,13,13,187,211,17-8,17,8,10-12,10,12,5-4,5,4,1-3,1,3,4-5,4,5,15-13,15,13,12-3,12,3
109,Wichita State,American Athletic,13-10,13,10,30-25,30,25,110,17-13,17,13,111,118,19-11,19,11,11-12,11,12,0-2,0,2,6-5,6,5,3-2,3,2,7-13,7,13,14-5,14,5
110,Kansas,Big 12,8-16,8,16,25-32,25,32,60,16-14,16,14,123,181,10-8,10,8,8-17,8,17,7-7,7,7,6-16,6,16,2-7,2,7,7-1,7,1,10-8,10,8
111,Delaware,Colonial Athletic,17-13,17,13,30-29,30,29,90,12-14,12,14,164,128,21-8,21,8,8-18,8,18,1-3,1,3,1-9,1,9,6-12,6,12,4-3,4,3,19-5,19,5
112,Central Michigan,Mid-American,19-11,19,11,31-22,31,22,201,11-9,11,9,74,158,11-5,11,5,18-14,18,14,2-3,2,3,2-2,2,2,0-2,0,2,6-5,6,5,23-13,23,13
113,UTA,Western Athletic,16-14,16,14,29-29,29,29,108,10-13,10,13,96,42,12-9,12,9,12-17,12,17,5-3,5,3,1-7,1,7,1-3,1,3,8-8,8,8,19-11,19,11
114,Loyola-Marymount,West Coast,21-6,21,6,29-24,29,24,142,8-16,8,16,161,66,13-11,13,11,16-11,16,11,0-2,0,2,3-4,3,4,5-6,5,6,5-5,5,5,16-9,16,9
115,San Diego,West Coast,17-10,17,10,24-25-1,24,25,91,7-14-1,7,14,95,5,15-8-1,15,8,9-16,9,16,0-1,0,1,1-10-0,1,10,6-4-1,6,4,3-4-0,3,4,14-7-0,14,7
116,Morehead State,Ohio Valley,16-7,16,7,35-20,35,20,250,17-12,17,12,128,254,18-4,18,4,15-15,15,15,2-1,2,1,0-8,0,8,1-2,1,2,3-2,3,2,31-8,31,8
117,Eastern Illinois,Ohio Valley,13-11,13,11,36-21,36,21,266,18-7,18,7,88,280,5-4,5,4,26-15,26,15,5-2,5,2,1-4,1,4,1-0,1,0,5-3,5,3,29-14,29,14
118,Fairfield,MAAC,16-5,16,5,37-18,37,18,270,18-11,18,11,114,276,14-4,14,4,19-11,19,11,4-3,4,3,0-1,0,1,2-2,2,2,1-3,1,3,34-12,34,12
119,UCF,American Athletic,12-12,12,12,33-26,33,26,130,20-12,20,12,93,103,21-13,21,13,11-11,11,11,1-2,1,2,5-9,5,9,2-4,2,4,8-6,8,6,18-7,18,7
120,Abilene Christian,Western Athletic,16-14,16,14,35-24,35,24,164,17-8,17,8,112,182,25-10,25,10,7-12,7,12,3-2,3,2,2-5,2,5,4-6,4,6,4-3,4,3,25-10,25,10
121,Mercer,Southern,13-8,13,8,33-25,33,25,147,19-15,19,15,143,170,19-14,19,14,13-9,13,9,1-2,1,2,0-1,0,1,10-13,10,13,5-4,5,4,18-7,18,7
122,Michigan,Big Ten,13-11,13,11,28-28,28,28,94,13-15,13,15,157,93,15-10,15,10,7-11,7,11,6-7,6,7,3-9,3,9,10-12,10,12,4-0,4,0,11-7,11,7
123,Hofstra,Colonial Athletic,13-15,13,15,26-26,26,26,152,13-11,13,11,116,222,14-6,14,6,12-20,12,20,0-0,0,0,2-6,2,6,2-11,2,11,2-2,2,2,20-7,20,7
124,Lamar,Southland,13-11,13,11,32-23,32,23,183,19-10,19,10,109,223,19-8,19,8,10-11,10,11,3-4,3,4,2-2,2,2,3-2,3,2,10-12,10,12,17-7,17,7
125,Alabama State,SWAC,26-4,26,4,41-18,41,18,272,13-12,13,12,247,289,23-7,23,7,14-9,14,9,4-2,4,2,0-3,0,3,1-3,1,3,6-5,6,5,34-7,34,7
126,Maine,America East,19-5,19,5,31-21,31,21,239,9-14,9,14,236,264,13-3,13,3,13-13,13,13,5-5,5,5,0-5,0,5,2-1,2,1,0-0,0,0,29-15,29,15
127,Jacksonville,ASUN,17-13,17,13,34-24,34,24,176,16-9,16,9,148,220,24-10,24,10,9-12,9,12,1-2,1,2,3-3,3,3,4-8,4,8,3-5,3,5,24-8,24,8
128,McNeese,Southland,12-12,12,12,33-23,33,23,188,19-9,19,9,124,244,21-10,21,10,10-11,10,11,2-2,2,2,1-2,1,2,2-2,2,2,12-14,12,14,18-5,18,5
129,Stetson,ASUN,20-10,20,10,35-23,35,23,203,13-12,13,12,193,207,23-9,23,9,10-13,10,13,2-1,2,1,0-1,0,1,6-5,6,5,5-8,5,8,24-9,24,9
130,Creighton,Big East,10-11,10,11,25-24,25,24,136,15-13,15,13,106,133,13-10,13,10,10-14,10,14,2-0,2,0,2-7,2,7,3-5,3,5,4-8,4,8,16-4,16,4
131,Louisiana Tech,Conference USA,15-15,15,15,28-31,28,31,82,12-14,12,14,190,143,19-13,19,13,8-16,8,16,1-2,1,2,3-10,3,10,5-8,5,8,5-5,5,5,15-8,15,8
132,UTRGV,Western Athletic,15-14,15,14,30-26,30,26,134,14-10,14,10,133,157,17-13,17,13,11-10,11,10,2-3,2,3,0-2,0,2,1-7,1,7,11-8,11,8,18-9,18,9
133,Columbia,Ivy League,11-10,11,10,23-22,23,22,198,12-10,12,10,33,27,10-3,10,3,13-17,13,17,0-2,0,2,6-6,6,6,1-1,1,1,0-4,0,4,16-11,16,11
134,UIC,Missouri Valley,13-14,13,14,28-25,28,25,174,14-9,14,9,126,261,13-9,13,9,13-12,13,12,2-4,2,4,2-6,2,6,2-8,2,8,1-5,1,5,23-6,23,6
135,Georgetown,Big East,10-10,10,10,30-27,30,27,180,19-15,19,15,151,236,13-7,13,7,12-15,12,15,5-5,5,5,5-11,5,11,0-1,0,1,4-5,4,5,21-10,21,10
136,Southern Illinois,Missouri Valley,15-12,15,12,30-27,30,27,153,15-13,15,13,159,206,19-9,19,9,9-14,9,14,2-4,2,4,0-6,0,6,5-8,5,8,5-1,5,1,20-12,20,12
137,Southeastern Louisiana,Southland,9-14,9,14,25-25,25,25,111,16-11,16,11,98,102,16-13,16,13,7-12,7,12,2-0,2,0,3-5,3,5,2-4,2,4,8-14,8,14,12-2,12,2
138,Western Kentucky,Conference USA,16-14,16,14,33-26,33,26,167,15-10,15,10,219,281,24-11,24,11,7-13,7,13,2-2,2,2,1-7,1,7,9-4,9,4,1-2,1,2,22-13,22,13
139,UNCG,Southern,9-12,9,12,25-34,25,34,71,13-20,13,20,156,40,14-15,14,15,8-17,8,17,3-2,3,2,1-9,1,9,9-10,9,10,2-2,2,2,13-13,13,13
140,Air Force,Mountain West,17-13,17,13,28-31,28,31,144,9-16,9,16,165,97,14-5,14,5,9-20,9,20,5-6,5,6,0-4,0,4,4-6,4,6,11-9,11,9,13-12,13,12
141,South Alabama,Sun Belt,11-19,11,19,23-31,23,31,66,12-12,12,12,147,91,15-16,15,16,8-14,8,14,0-1,0,1,3-12,3,12,7-7,7,7,5-4,5,4,8-8,8,8
142,Penn State,Big Ten,7-16,7,16,25-25,25,25,145,18-9,18,9,141,283,15-6,15,6,2-17,2,17,8-2,8,2,5-9,5,9,4-7,4,7,2-3,2,3,14-6,14,6
143,Seton Hall,Big East,13-8,13,8,31-24,31,24,225,18-14,18,14,186,284,15-7,15,7,14-14,14,14,2-3,2,3,3-7,3,7,1-2,1,2,5-3,5,3,22-12,22,12
144,Memphis,American Athletic,10-14,10,14,29-28,29,28,140,18-12,18,12,101,121,18-13,18,13,10-13,10,13,1-2,1,2,1-8,1,8,3-2,3,2,7-10,7,10,18-8,18,8
145,Incarnate Word,Southland,14-10,14,10,28-26,28,26,172,14-14,14,14,184,221,16-10,16,10,11-13,11,13,1-3,1,3,0-2,0,2,2-5,2,5,10-11,10,11,16-8,16,8
146,Northwestern State,Southland,12-12,12,12,27-27,27,27,148,13-13,13,13,172,190,17-7,17,7,6-15,6,15,4-5,4,5,0-6,0,6,2-3,2,3,14-10,14,10,11-8,11,8
147,Utah,Pac-12,9-20-1,9,20,22-32-1,22,32,83,13-12,13,12,177,268,12-11,12,11,9-20-1,9,20,1-1,1,1,3-9-0,3,9,8-13-1,8,13,1-1-0,1,1,10-9-0,10,9
148,San Diego State,Mountain West,18-11,18,11,24-29,24,29,95,6-16,6,16,204,23,16-11,16,11,8-15,8,15,0-3,0,3,1-4,1,4,2-11,2,11,6-7,6,7,15-7,15,7
149,Valparaiso,Missouri Valley,10-17,10,17,20-27,20,27,127,10-8,10,8,81,146,8-7,8,7,11-16,11,16,1-4,1,4,1-5,1,5,1-8,1,8,4-5,4,5,14-9,14,9
150,Florida A&M,SWAC,18-12,18,12,29-30,29,30,141,6-15,6,15,138,3,12-14,12,14,8-13,8,13,9-3,9,3,0-6,0,6,1-3,1,3,3-13,3,13,25-8,25,8
151,George Mason,Atlantic 10,13-10,13,10,36-27,36,27,227,16-14,16,14,153,187,15-11,15,11,14-13,14,13,7-3,7,3,2-5,2,5,0-4,0,4,2-1,2,1,32-17,32,17
152,Princeton,Ivy League,13-8,13,8,24-23,24,23,228,9-13,9,13,104,87,7-4,7,4,13-17,13,17,4-2,4,2,2-5,2,5,2-4,2,4,4-5,4,5,16-9,16,9
153,Utah Valley,Western Athletic,16-12,16,12,32-24,32,24,244,13-10,13,10,203,293,14-7,14,7,13-14,13,14,5-3,5,3,0-0,0,0,4-6,4,6,9-5,9,5,19-13,19,13
154,Gardner-Webb,Big South,15-12,15,12,31-25,31,25,196,16-11,16,11,146,219,21-10,21,10,10-13,10,13,0-2,0,2,2-4,2,4,4-12,4,12,2-0,2,0,23-9,23,9
155,Winthrop,Big South,15-12,15,12,28-28,28,28,157,12-14,12,14,181,138,17-12,17,12,10-14,10,14,1-2,1,2,0-6,0,6,3-10,3,10,2-1,2,1,23-11,23,11
156,Bryant,America East,12-12,12,12,26-24,26,24,241,14-11,14,11,100,229,14-2,14,2,12-21,12,21,0-1,0,1,1-3,1,3,1-2,1,2,1-4,1,4,23-15,23,15
157,Middle Tennessee,Conference USA,14-16,14,16,27-29,27,29,129,11-11,11,11,220,240,17-12,17,12,7-13,7,13,3-4,3,4,1-4,1,4,3-15,3,15,7-4,7,4,16-6,16,6
158,Tulane,American Athletic,8-16,8,16,19-42,19,42,35,7-23,7,23,168,9,8-20,8,20,6-20,6,20,5-2,5,2,3-12,3,12,1-9,1,9,11-15,11,15,4-6,4,6
159,Stony Brook,Colonial Athletic,14-16,14,16,23-29,23,29,122,9-13,9,13,207,192,16-8,16,8,7-21,7,21,0-0,0,0,2-10,2,10,4-9,4,9,1-6,1,6,16-4,16,4
160,Cincinnati,American Athletic,10-14,10,14,24-33,24,33,98,14-17,14,17,169,154,13-13,13,13,11-15,11,15,0-5,0,5,2-12,2,12,2-6,2,6,6-8,6,8,14-7,14,7
161,South Florida,American Athletic,7-17,7,17,21-39,21,39,47,12-20,12,20,152,29,10-22,10,22,9-15,9,15,2-2,2,2,3-11,3,11,5-8,5,8,7-11,7,11,6-9,6,9
162,Saint Joseph's,Atlantic 10,17-7,17,7,28-24-1,28,24,207,10-15-1,10,15,230,186,20-5-1,20,5,7-15,7,15,1-4,1,4,1-2-0,1,2,0-6-0,0,6,2-5-0,2,5,25-11-1,25,11
163,Kennesaw State,ASUN,14-16,14,16,25-29,25,29,120,11-13,11,13,158,73,17-15,17,15,8-14,8,14,0-0,0,0,0-7,0,7,6-11,6,11,7-4,7,4,12-7,12,7
164,Western Michigan,Mid-American,18-11,18,11,21-31,21,31,132,3-18,3,18,231,34,10-4,10,4,8-23,8,23,3-4,3,4,0-10,0,10,0-3,0,3,3-6,3,6,18-12,18,12
165,Saint John's,Big East,8-12,8,12,28-25,28,25,213,20-13,20,13,130,259,13-12,13,12,15-13,15,13,0-0,0,0,2-4,2,4,1-6,1,6,6-7,6,7,19-8,19,8
166,North Florida,ASUN,13-17,13,17,28-27,28,27,169,15-10,15,10,113,129,20-13,20,13,8-14,8,14,0-0,0,0,1-2,1,2,4-5,4,5,5-8,5,8,18-12,18,12
167,Rice,Conference USA,9-21,9,21,21-37,21,37,58,12-14,12,14,129,48,13-17,13,17,7-16,7,16,1-4,1,4,2-13,2,13,4-11,4,11,5-9,5,9,10-4,10,4
168,Cal Poly,Big West,11-19,11,19,21-35,21,35,69,10-16,10,16,162,43,13-18,13,18,8-16,8,16,0-1,0,1,3-6,3,6,6-22,6,22,4-1,4,1,8-6,8,6
169,California Baptist,Western Athletic,15-15,15,15,28-30,28,30,192,13-13,13,13,137,173,15-10,15,10,13-18,13,18,0-2,0,2,2-2,2,2,1-9,1,9,9-7,9,7,16-12,16,12
170,Little Rock,Ohio Valley,14-8,14,8,31-23,31,23,240,16-13,16,13,180,234,22-8,22,8,7-13,7,13,2-2,2,2,1-1,1,1,1-3,1,3,3-12,3,12,26-7,26,7
171,Murray State,Missouri Valley,14-13,14,13,31-28,31,28,194,15-13,15,13,232,288,16-15,16,15,12-9,12,9,3-4,3,4,1-5,1,5,3-6,3,6,6-4,6,4,21-13,21,13
172,Charleston Southern,Big South,13-14,13,14,22-28,22,28,149,9-14,9,14,174,92,15-8,15,8,7-20,7,20,0-0,0,0,1-11,1,11,1-4,1,4,3-1,3,1,17-12,17,12
173,Bethune-Cookman,SWAC,20-9,20,9,33-27,33,27,229,9-16,9,16,262,198,22-9,22,9,7-16,7,16,4-2,4,2,0-5,0,5,0-1,0,1,7-11,7,11,26-10,26,10
174,Baylor,Big 12,6-18,6,18,20-35,20,35,44,14-17,14,17,201,127,17-19,17,19,3-16,3,16,0-0,0,0,5-18,5,18,4-3,4,3,1-11,1,11,10-3,10,3
175,UMBC,America East,16-8,16,8,30-27,30,27,233,13-17,13,17,212,233,14-11,14,11,13-14,13,14,3-2,3,2,0-5,0,5,1-2,1,2,2-8,2,8,27-12,27,12
176,Seattle University,Western Athletic,17-13,17,13,20-31,20,31,114,3-16,3,16,242,41,11-10,11,10,9-19,9,19,0-2,0,2,0-8,0,8,3-10,3,10,5-3,5,3,12-10,12,10
177,Fresno State,Mountain West,16-14,16,14,30-27,30,27,202,13-11,13,11,173,193,21-10,21,10,7-13,7,13,2-4,2,4,0-1,0,1,3-4,3,4,5-11,5,11,22-11,22,11
178,Eastern Kentucky,ASUN,15-15,15,15,29-30,29,30,208,13-13,13,13,160,201,12-13,12,13,14-15,14,15,3-2,3,2,0-4,0,4,4-5,4,5,6-4,6,4,19-17,19,17
179,East Tennessee State,Southern,10-11,10,11,26-29,26,29,179,15-16,15,16,192,230,16-11,16,11,9-16,9,16,1-2,1,2,0-5,0,5,3-6,3,6,4-9,4,9,19-9,19,9
180,Canisius,MAAC,16-8,16,8,26-25-1,26,25,248,8-15-1,8,15,215,202,13-3,13,3,9-17-1,9,17,4-5,4,5,0-6-0,0,6,1-3-0,1,3,1-6-0,1,6,24-10-1,24,10
181,Jacksonville State,ASUN,18-12,18,12,27-30,27,30,171,7-16,7,16,255,120,17-13,17,13,8-15,8,15,2-2,2,2,1-6,1,6,3-10,3,10,6-6,6,6,17-8,17,8
182,Toledo,Mid-American,14-16,14,16,26-29,26,29,234,12-13,12,13,132,217,6-11,6,11,19-17,19,17,1-1,1,1,1-2,1,2,1-6,1,6,3-4,3,4,21-17,21,17
183,Tarleton State,Western Athletic,10-18,10,18,24-26,24,26,181,14-8,14,8,110,204,16-12,16,12,8-13,8,13,0-1,0,1,0-4,0,4,3-6,3,6,6-8,6,8,15-8,15,8
184,Saint Mary's College,West Coast,14-13,14,13,23-28,23,28,173,7-13,7,13,200,115,10-14,10,14,10-11,10,11,3-3,3,3,1-1,1,1,2-7,2,7,9-10,9,10,11-10,11,10
185,Eastern Michigan,Mid-American,12-18,12,18,26-26,26,26,242,14-8,14,8,76,199,8-10,8,10,15-13,15,13,3-3,3,3,1-2,1,2,1-3,1,3,1-5,1,5,23-16,23,16
186,Texas A&M-Corpus Christi,Southland,12-12,12,12,24-30,24,30,143,12-17,12,17,229,178,17-13,17,13,7-15,7,15,0-2,0,2,0-1,0,1,3-6,3,6,12-19,12,19,9-4,9,4
187,North Carolina A&T,Colonial Athletic,11-17,11,17,19-28,19,28,117,8-11,8,11,241,224,14-10,14,10,5-17,5,17,0-1,0,1,2-7,2,7,5-7,5,7,3-5,3,5,9-9,9,9
188,North Dakota State,The Summit League,16-7,16,7,23-30,23,30,230,6-21,6,21,196,88,6-2,6,2,13-22,13,22,4-6,4,6,2-6,2,6,1-11,1,11,0-1,0,1,20-12,20,12
189,Niagara,MAAC,14-10,14,10,24-22-1,24,22,265,10-10-1,10,10,166,267,9-6-1,9,6,15-14,15,14,0-2,0,2,1-0-0,1,0,0-3-0,0,3,2-5-0,2,5,21-14-1,21,14
190,Dayton,Atlantic 10,15-9,15,9,26-34,26,34,178,9-23,9,23,239,114,15-9,15,9,9-23,9,23,2-2,2,2,0-7,0,7,1-4,1,4,2-8,2,8,23-15,23,15
191,UAB,Conference USA,8-22,8,22,17-36,17,36,64,9-14,9,14,142,38,9-14,9,14,5-18,5,18,3-4,3,4,2-7,2,7,5-12,5,12,3-8,3,8,7-9,7,9
192,Bucknell,Patriot League,14-11,14,11,23-23-1,23,23,232,7-10-1,7,10,211,214,14-4,14,4,7-14-1,7,14,2-5,2,5,0-4-0,0,4,1-7-0,1,7,2-0-0,2,0,20-12-1,20,12
193,Pepperdine,West Coast,8-19,8,19,19-30,19,30,128,11-11,11,11,77,24,9-14,9,14,9-15,9,15,1-1,1,1,1-3,1,3,6-10,6,10,2-8,2,8,10-9,10,9
194,Sacramento State,Western Athletic,14-16,14,16,29-26,29,26,238,15-10,15,10,170,265,19-11,19,11,10-14,10,14,0-1,0,1,1-0,1,0,1-4,1,4,5-10,5,10,22-12,22,12
195,Rhode Island,Atlantic 10,13-11,13,11,23-29,23,29,204,10-16,10,16,150,101,10-9,10,9,13-18,13,18,0-2,0,2,1-7,1,7,1-2,1,2,2-1,2,1,19-19,19,19
196,BYU,West Coast,13-14,13,14,24-28,24,28,205,11-14,11,14,191,188,14-8,14,8,10-18,10,18,0-2,0,2,0-4,0,4,2-3,2,3,10-11,10,11,12-10,12,10
197,FIU,Conference USA,8-22,8,22,21-34,21,34,76,13-12,13,12,131,65,18-17,18,17,3-17,3,17,0-0,0,0,2-9,2,9,5-10,5,10,2-6,2,6,12-9,12,9
198,Gonzaga,West Coast,14-13,14,13,18-34,18,34,87,4-20,4,20,205,13,12-10,12,10,5-22,5,22,1-2,1,2,1-14,1,14,2-9,2,9,3-6,3,6,12-5,12,5
199,Austin Peay,ASUN,15-15,15,15,26-32,26,32,191,10-15,10,15,189,162,12-11,12,11,10-18,10,18,4-3,4,3,0-8,0,8,2-7,2,7,4-4,4,4,20-13,20,13
200,Presbyterian College,Big South,12-15,12,15,21-34,21,34,126,9-19,9,19,209,75,13-11,13,11,7-20,7,20,1-3,1,3,1-9,1,9,3-6,3,6,2-2,2,2,15-17,15,17
201,Western Carolina,Southern,8-12,8,12,21-33,21,33,125,13-20,13,20,210,145,13-12,13,12,7-17,7,17,1-4,1,4,0-8,0,8,3-9,3,9,4-4,4,4,14-11,14,11
202,Illinois State,Missouri Valley,9-18,9,18,20-30,20,30,182,11-12,11,12,197,269,6-13,6,13,14-17,14,17,0-0,0,0,1-5,1,5,3-7,3,7,4-5,4,5,12-13,12,13
203,Quinnipiac,MAAC,16-8,16,8,30-26,30,26,281,12-16,12,16,243,290,14-4,14,4,13-17,13,17,3-5,3,5,0-3,0,3,1-6,1,6,0-3,0,3,29-14,29,14
204,Bradley,Missouri Valley,7-20,7,20,16-32,16,32,115,9-12,9,12,125,136,6-13,6,13,10-19,10,19,0-0,0,0,0-5,0,5,2-7,2,7,5-11,5,11,9-9,9,9
205,High Point,Big South,12-15,12,15,20-34,20,34,106,8-19,8,19,199,44,13-15,13,15,7-18,7,18,0-1,0,1,1-13,1,13,1-6,1,6,0-2,0,2,18-13,18,13
206,Purdue,Big Ten,11-13,11,13,24-29,24,29,189,13-16,13,16,252,277,12-10,12,10,4-15,4,15,8-4,8,4,1-7,1,7,4-11,4,11,3-3,3,3,16-8,16,8
207,Stephen F. Austin,Western Athletic,12-18,12,18,22-28,22,28,186,10-10,10,10,163,166,9-16,9,16,11-11,11,11,2-1,2,1,2-1,2,1,0-8,0,8,3-10,3,10,17-9,17,9
208,Monmouth,Colonial Athletic,6-22,6,22,16-30,16,30,100,10-8,10,8,121,160,5-17,5,17,7-12,7,12,4-1,4,1,1-5,1,5,1-12,1,12,4-8,4,8,10-5,10,5
209,UNLV,Mountain West,12-18,12,18,21-30,21,30,170,9-12,9,12,134,85,12-10,12,10,7-18,7,18,2-2,2,2,1-4,1,4,1-4,1,4,9-11,9,11,10-11,10,11
210,Minnesota,Big Ten,10-14,10,14,18-34,18,34,81,8-20,8,20,263,153,12-15,12,15,6-12,6,12,0-7,0,7,2-9,2,9,5-11,5,11,3-5,3,5,8-9,8,9
211,Southeast Missouri,Ohio Valley,14-10,14,10,26-30,26,30,209,12-19,12,19,223,185,18-9,18,9,8-20,8,20,0-1,0,1,0-3,0,3,1-6,1,6,3-10,3,10,22-11,22,11
212,UNC Asheville,Big South,12-15,12,15,26-26,26,26,222,14-11,14,11,183,255,19-11,19,11,7-15,7,15,0-0,0,0,0-5,0,5,3-5,3,5,0-0,0,0,23-16,23,16
213,UMass-Lowell,America East,11-13,11,13,20-35,20,35,154,8-20,8,20,198,111,11-7,11,7,8-26,8,26,1-2,1,2,0-7,0,7,2-4,2,4,2-11,2,11,16-13,16,13
214,Ohio,Mid-American,15-15,15,15,18-30,18,30,166,3-15,3,15,218,47,9-8,9,8,8-21,8,21,1-1,1,1,0-9,0,9,0-0,0,0,3-12,3,12,15-9,15,9
215,Belmont,Missouri Valley,10-17,10,17,27-33,27,33,190,15-14,15,14,244,279,16-15,16,15,9-15,9,15,2-3,2,3,0-9,0,9,4-4,4,4,6-11,6,11,17-9,17,9
216,Davidson,Atlantic 10,15-8,15,8,30-24,30,24,262,14-14,14,14,250,271,20-11,20,11,8-10,8,10,2-3,2,3,0-5,0,5,0-1,0,1,0-0,0,0,30-18,30,18
217,Binghamton,America East,12-12,12,12,29-23,29,23,288,14-9,14,9,208,300,16-5,16,5,9-15,9,15,4-3,4,3,0-4,0,4,0-0,0,0,1-4,1,4,28-15,28,15
218,Oakland,Horizon League,18-12,18,12,28-31,28,31,251,8-17,8,17,259,247,13-9,13,9,12-17,12,17,3-5,3,5,0-0,0,0,2-8,2,8,3-10,3,10,23-13,23,13
219,Northern Kentucky,Horizon League,17-13,17,13,30-27,30,27,273,12-12,12,12,182,232,17-8,17,8,10-16,10,16,3-3,3,3,0-5,0,5,1-5,1,5,0-1,0,1,29-16,29,16
220,Nevada,Mountain West,10-20,10,20,20-33,20,33,156,10-13,10,13,145,77,11-14,11,14,9-18,9,18,0-1,0,1,1-1,1,1,2-5,2,5,8-11,8,11,9-16,9,16
221,VCU,Atlantic 10,11-13,11,13,25-30,25,30,197,14-17,14,17,202,175,18-12,18,12,6-17,6,17,1-1,1,1,1-5,1,5,0-5,0,5,2-1,2,1,22-19,22,19
222,NJIT,America East,11-13,11,13,22-31,22,31,245,11-17,11,17,175,226,8-5,8,5,12-23,12,23,2-3,2,3,1-5,1,5,1-1,1,1,1-4,1,4,19-21,19,21
223,Marshall,Sun Belt,5-25,5,25,16-37,16,37,88,11-12,11,12,167,168,6-20,6,20,7-17,7,17,3-0,3,0,0-12,0,12,2-14,2,14,1-3,1,3,13-8,13,8
224,Saint Louis,Atlantic 10,15-9,15,9,33-23,33,23,296,15-12,15,12,265,302,17-6,17,6,8-12,8,12,8-5,8,5,0-0,0,0,0-0,0,0,3-4,3,4,30-19,30,19
225,George Washington,Atlantic 10,11-12,11,12,21-34,21,34,163,10-22,10,22,213,79,11-19,11,19,10-15,10,15,0-0,0,0,0-6,0,6,0-3,0,3,2-8,2,8,19-17,19,17
226,SIUE,Ohio Valley,9-15,9,15,24-28,24,28,258,15-12,15,12,149,250,12-8,12,8,10-18,10,18,2-2,2,2,0-1,0,1,1-3,1,3,9-5,9,5,14-19,14,19
227,Richmond,Atlantic 10,14-9,14,9,27-28,27,28,249,12-17,12,17,246,197,19-11,19,11,7-15,7,15,1-2,1,2,1-4,1,4,1-4,1,4,0-0,0,0,25-20,25,20
228,Longwood,Big South,11-16,11,16,23-31,23,31,217,12-15,12,15,227,258,15-10,15,10,8-21,8,21,0-0,0,0,1-6,1,6,0-6,0,6,0-0,0,0,22-19,22,19
229,Bowling Green,Mid-American,13-17,13,17,20-30,20,30,226,7-13,7,13,195,213,9-8,9,8,10-21,10,21,1-1,1,1,1-7,1,7,0-5,0,5,3-3,3,3,16-15,16,15
230,UC Davis,Big West,7-23,7,23,17-37,17,37,119,10-14,10,14,179,164,10-15,10,15,7-22,7,22,0-0,0,0,0-3,0,3,3-23,3,23,1-0,1,0,13-11,13,11
231,Towson,Colonial Athletic,7-23,7,23,19-37,19,37,118,12-14,12,14,185,163,13-16,13,16,5-19,5,19,1-2,1,2,0-9,0,9,2-10,2,10,2-6,2,6,15-12,15,12
232,Sacred Heart,Northeast,17-13,17,13,28-30,28,30,278,8-15,8,15,235,242,11-10,11,10,14-18,14,18,3-2,3,2,0-1,0,1,1-4,1,4,1-6,1,6,26-19,26,19
233,Arkansas State,Sun Belt,9-19,9,19,19-31,19,31,131,10-12,10,12,269,270,16-15,16,15,3-16,3,16,0-0,0,0,1-8,1,8,4-15,4,15,3-4,3,4,11-4,11,4
234,Wagner,Northeast,21-9,21,9,32-24,32,24,299,9-13,9,13,291,304,11-10,11,10,17-10,17,10,4-4,4,4,0-3,0,3,0-1,0,1,2-7,2,7,30-13,30,13
235,Harvard,Ivy League,15-6,15,6,20-24,20,24,267,4-16,4,16,279,243,9-5,9,5,9-14,9,14,2-5,2,5,1-1,1,1,1-7,1,7,5-2,5,2,13-14,13,14
236,The Citadel,Southern,7-14,7,14,23-31,23,31,185,15-15,15,15,226,237,18-16,18,16,4-13,4,13,1-2,1,2,0-4,0,4,0-8,0,8,6-7,6,7,17-12,17,12
237,Butler,Big East,5-16,5,16,12-43,12,43,86,7-27,7,27,234,78,2-13,2,13,8-26,8,26,2-4,2,4,1-11,1,11,0-2,0,2,6-11,6,11,5-19,5,19
238,Mount Saint Mary's,MAAC,10-14,10,14,25-27,25,27,274,15-13,15,13,171,256,13-10,13,10,10-15,10,15,2-2,2,2,0-3,0,3,1-1,1,1,2-5,2,5,22-18,22,18
239,Yale,Ivy League,10-11,10,11,17-23,17,23,279,7-12,7,12,178,208,3-8,3,8,14-15,14,15,0-0,0,0,0-0,0,0,0-0,0,0,3-10,3,10,14-13,14,13
240,Central Arkansas,ASUN,14-16,14,16,23-31,23,31,218,9-15,9,15,240,171,16-13,16,13,7-17,7,17,0-1,0,1,1-3,1,3,1-5,1,5,0-7,0,7,21-16,21,16
241,VMI,Southern,9-11,9,11,26-29,26,29,247,17-17,17,17,261,294,20-13,20,13,6-15,6,15,0-1,0,1,0-3,0,3,3-11,3,11,3-3,3,3,20-12,20,12
242,Akron,Mid-American,12-18,12,18,20-33,20,33,219,8-15,8,15,217,225,7-11,7,11,12-18,12,18,1-4,1,4,0-4,0,4,1-6,1,6,2-5,2,5,17-18,17,18
243,New Mexico,Mountain West,13-17,13,17,25-24,25,24,277,12-7,12,7,225,299,16-10,16,10,6-13,6,13,3-1,3,1,2-2,2,2,1-2,1,2,4-11,4,11,18-9,18,9
244,South Dakota State,The Summit League,13-11,13,11,21-28,21,28,284,6-15,6,15,224,238,8-1,8,1,10-23,10,23,3-4,3,4,0-8,0,8,1-0,1,0,0-3,0,3,20-17,20,17
245,Miami (OH),Mid-American,13-17,13,17,21-35,21,35,235,8-18,8,18,253,245,8-14,8,14,13-21,13,21,0-0,0,0,2-4,2,4,0-6,0,6,4-5,4,5,15-20,15,20
246,Tennessee-Martin,Ohio Valley,14-10,14,10,22-34,22,34,215,8-23,8,23,264,196,14-13,14,13,8-20,8,20,0-1,0,1,0-4,0,4,1-5,1,5,4-8,4,8,17-17,17,17
247,Navy,Patriot League,14-11,14,11,23-27,23,27,254,9-14,9,14,266,251,14-13,14,13,7-11,7,11,2-3,2,3,0-2,0,2,1-6,1,6,2-3,2,3,20-16,20,16
248,Queens,ASUN,9-21,9,21,17-38,17,38,161,8-17,8,17,222,126,7-20,7,20,9-18,9,18,1-0,1,0,0-3,0,3,2-10,2,10,1-5,1,5,14-20,14,20
249,Tennessee Tech,Ohio Valley,10-14,10,14,21-34,21,34,221,9-18,9,18,256,215,13-10,13,10,6-22,6,22,2-2,2,2,1-3,1,3,1-4,1,4,2-5,2,5,17-22,17,22
250,Lehigh,Patriot League,10-15,10,15,23-26,23,26,287,13-11,13,11,206,295,10-11,10,11,11-15,11,15,2-0,2,0,0-0,0,0,1-4,1,4,0-1,0,1,22-21,22,21
251,ULM,Sun Belt,6-23,6,23,17-37,17,37,150,11-14,11,14,245,235,10-21,10,21,7-16,7,16,0-0,0,0,0-9,0,9,4-6,4,6,5-12,5,12,8-10,8,10
252,Lafayette,Patriot League,10-15,10,15,15-37,15,37,206,4-20,4,20,277,231,4-8,4,8,11-29,11,29,0-0,0,0,0-0,0,0,2-8,2,8,1-6,1,6,12-23,12,23
253,Cal State Bakersfield,Big West,9-21,9,21,18-34,18,34,177,9-13,9,13,274,286,13-16,13,16,5-18,5,18,0-0,0,0,0-6,0,6,4-18,4,18,0-0,0,0,14-10,14,10
254,Youngstown State,Horizon League,13-16,13,16,19-36,19,36,224,6-19,6,19,251,167,9-10,9,10,10-23,10,23,0-3,0,3,0-3,0,3,3-10,3,10,1-4,1,4,15-19,15,19
255,Fairleigh Dickinson,Northeast,20-10,20,10,31-21-1,31,21,302,10-9-1,10,9,288,305,17-6-1,17,6,11-11,11,11,3-4,3,4,0-0-0,0,0,0-1-0,0,1,1-2-0,1,2,30-18-1,30,18
256,Houston Christian,Southland,7-16,7,16,11-37,11,37,116,4-21,4,21,273,152,6-6,6,6,4-25,4,25,1-6,1,6,0-1,0,1,1-5,1,5,7-22,7,22,3-9,3,9
257,Manhattan,MAAC,13-11,13,11,22-34,22,34,280,8-21,8,21,281,296,8-7,8,7,13-23,13,23,1-4,1,4,0-3,0,3,2-1,2,1,1-10,1,10,19-20,19,20
258,Fordham,Atlantic 10,7-17,7,17,19-36,19,36,200,12-19,12,19,216,189,13-13,13,13,6-23,6,23,0-0,0,0,0-3,0,3,0-3,0,3,4-3,4,3,15-27,15,27
259,Grambling State,SWAC,22-7,22,7,28-26,28,26,301,4-17,4,17,214,28,11-6,11,6,12-12,12,12,5-8,5,8,0-4,0,4,0-1,0,1,1-4,1,4,27-17,27,17
260,Villanova,Big East,7-13,7,13,14-37,14,37,165,7-24,7,24,275,195,6-16,6,16,8-18,8,18,0-3,0,3,0-7,0,7,1-9,1,9,2-9,2,9,11-12,11,12
261,Jackson State,SWAC,13-17,13,17,23-25,23,25,293,10-6,10,6,71,117,9-10,9,10,10-12,10,12,4-3,4,3,0-1,0,1,1-2,1,2,3-11,3,11,19-11,19,11
262,UC Riverside,Big West,5-25,5,25,11-41,11,41,96,6-16,6,16,257,150,5-19,5,19,4-19,4,19,2-3,2,3,0-3,0,3,4-18,4,18,2-6,2,6,5-14,5,14
263,Northwestern,Big Ten,4-20,4,20,10-40,10,40,105,6-20,6,20,268,209,6-10,6,10,4-28,4,28,0-2,0,2,1-6,1,6,3-15,3,15,1-11,1,11,5-8,5,8
264,San Francisco,West Coast,8-19,8,19,18-29,18,29,237,10-10,10,10,233,253,14-12,14,12,4-17,4,17,0-0,0,0,0-2,0,2,1-4,1,4,5-10,5,10,12-13,12,13
265,Milwaukee,Horizon League,11-18,11,18,22-32,22,32,291,9-12,9,12,260,301,9-7,9,7,11-23,11,23,2-2,2,2,0-1,0,1,3-5,3,5,0-2,0,2,19-24,19,24
266,Omaha,The Summit League,9-14,9,14,21-28,21,28,285,12-12,12,12,155,205,14-7,14,7,7-18,7,18,0-3,0,3,0-5,0,5,3-5,3,5,2-1,2,1,16-17,16,17
267,Bellarmine,ASUN,8-22,8,22,13-42,13,42,193,5-20,5,20,249,141,3-16,3,16,10-26,10,26,0-0,0,0,0-7,0,7,2-6,2,6,3-11,3,11,8-18,8,18
268,Merrimack,Northeast,14-16,14,16,21-30,21,30,295,7-14,7,14,270,285,8-11,8,11,13-14,13,14,0-5,0,5,0-1,0,1,0-0,0,0,3-4,3,4,18-25,18,25
269,Utah Tech,Western Athletic,8-22,8,22,13-39,13,39,139,5-17,5,17,267,90,11-18,11,18,2-21,2,21,0-0,0,0,0-4,0,4,1-7,1,7,3-12,3,12,9-16,9,16
270,Marist,MAAC,10-14,10,14,16-36,16,36,259,6-22,6,22,276,262,8-7,8,7,8-29,8,29,0-0,0,0,0-0,0,0,0-8,0,8,1-3,1,3,15-25,15,25
271,Siena,MAAC,7-17,7,17,14-41,14,41,216,7-24,7,24,237,130,6-10,6,10,8-31,8,31,0-0,0,0,0-3,0,3,2-6,2,6,0-12,0,12,12-20,12,20
272,Southern,SWAC,17-10,17,10,22-28,22,28,298,4-16,4,16,228,62,11-6,11,6,6-16,6,16,5-6,5,6,0-3,0,3,0-2,0,2,0-10,0,10,22-13,22,13
273,North Alabama,ASUN,8-22,8,22,14-37,14,37,210,6-15,6,15,280,257,7-17,7,17,7-19,7,19,0-1,0,1,0-3,0,3,1-7,1,7,0-3,0,3,13-24,13,24
274,UMass,Atlantic 10,6-18,6,18,14-35,14,35,246,8-17,8,17,238,200,7-12,7,12,7-23,7,23,0-0,0,0,0-3,0,3,0-0,0,0,1-6,1,6,13-26,13,26
275,Southern Indiana,Ohio Valley,8-15,8,15,15-38,15,38,236,7-22,7,22,284,246,6-16,6,16,6-20,6,20,3-2,3,2,0-3,0,3,0-4,0,4,2-9,2,9,13-22,13,22
276,Purdue Fort Wayne,Horizon League,8-22,8,22,13-43,13,43,212,5-20,5,20,258,140,3-15,3,15,8-22,8,22,2-6,2,6,0-2,0,2,2-5,2,5,1-6,1,6,10-30,10,30
277,Pacific,West Coast,6-21,6,21,14-35,14,35,253,8-14,8,14,272,292,7-15,7,15,7-20,7,20,0-0,0,0,0-1,0,1,2-4,2,4,1-8,1,8,11-22,11,22
278,Coppin State,Northeast,14-16,14,16,21-31,21,31,297,7-15,7,15,293,298,11-13,11,13,10-18,10,18,0-0,0,0,0-3,0,3,0-0,0,0,1-3,1,3,20-25,20,25
279,Northern Illinois,Mid-American,5-24,5,24,10-43,10,43,187,5-19,5,19,254,134,4-14,4,14,5-27,5,27,1-2,1,2,0-10,0,10,0-0,0,0,4-11,4,11,6-22,6,22
280,Albany,America East,3-21,3,21,9-34-1,9,34,195,6-13-1,6,13,194,122,6-11,6,11,3-23-1,3,23,0-0,0,0,1-2-0,1,2,0-0-0,0,0,1-7-0,1,7,7-25-1,7,25
281,Brown,Ivy League,9-12,9,12,12-26,12,26,271,3-14,3,14,290,210,5-13,5,13,6-11,6,11,1-2,1,2,0-0,0,0,0-7,0,7,2-7,2,7,10-12,10,12
282,Cornell,Ivy League,8-13,8,13,8-26,8,26,260,0-13,0,13,302,148,1-8,1,8,7-16,7,16,0-2,0,2,0-1,0,1,0-3,0,3,2-5,2,5,6-17,6,17
283,Long Island,Northeast,16-14,16,14,19-36,19,36,292,2-20,2,20,303,291,8-15,8,15,10-19,10,19,1-2,1,2,0-0,0,0,0-2,0,2,0-4,0,4,19-30,19,30
284,Lindenwood,Ohio Valley,8-16,8,16,12-40,12,40,211,4-24,4,24,285,216,8-12,8,12,4-28,4,28,0-0,0,0,0-2,0,2,0-0,0,0,2-13,2,13,10-25,10,25
285,Holy Cross,Patriot League,6-19,6,19,16-35,16,35,282,10-16,10,16,271,297,8-10,8,10,4-21,4,21,4-4,4,4,0-0,0,0,1-4,1,4,2-3,2,3,13-28,13,28
286,Iona,MAAC,9-15,9,15,13-38,13,38,275,4-23,4,23,295,287,7-5,7,5,6-31,6,31,0-2,0,2,1-1,1,1,1-2,1,2,0-6,0,6,11-29,11,29
287,Western Illinois,The Summit League,6-16,6,16,12-40,12,40,261,6-24,6,24,283,239,5-9,5,9,6-28,6,28,1-3,1,3,0-11,0,11,0-3,0,3,0-3,0,3,12-23,12,23
288,Maryland Eastern Shore,Northeast,14-16,14,16,18-37,18,37,289,4-19,4,19,300,273,9-19,9,19,9-16,9,16,0-2,0,2,0-0,0,0,0-0,0,0,0-4,0,4,18-33,18,33
289,Stonehill,Northeast,10-20,10,20,13-35,13,35,290,3-15,3,15,289,266,6-11,6,11,6-23,6,23,1-1,1,1,0-1,0,1,1-3,1,3,1-2,1,2,11-29,11,29
290,Prairie View A&M,SWAC,15-14,15,14,17-36,17,36,300,1-20,1,20,296,147,6-5,6,5,8-22,8,22,3-9,3,9,0-1,0,1,0-1,0,1,0-10,0,10,17-24,17,24
291,Alabama A&M,SWAC,5-24,5,24,10-34,10,34,276,5-10,5,10,188,142,4-11,4,11,5-21,5,21,1-2,1,2,0-2,0,2,0-0,0,0,0-16,0,16,10-16,10,16
292,Mississippi Valley State,SWAC,7-23,7,23,13-37,13,37,283,6-14,6,14,221,135,7-12,7,12,4-23,4,23,2-2,2,2,0-0,0,0,0-3,0,3,1-16,1,16,12-18,12,18
293,Saint Thomas,The Summit League,6-16,6,16,10-34,10,34,286,4-18,4,18,282,275,4-9,4,9,6-25,6,25,0-0,0,0,0-7,0,7,1-1,1,1,0-4,0,4,9-22,9,22
294,Northern Colorado,The Summit League,8-16,8,16,8-31,8,31,252,0-15,0,15,292,76,5-7,5,7,3-24,3,24,0-0,0,0,0-7,0,7,0-5,0,5,0-3,0,3,8-16,8,16
295,Delaware State,Northeast,8-22,8,22,13-35,13,35,294,5-13,5,13,278,282,7-12,7,12,6-23,6,23,0-0,0,0,0-0,0,0,0-1,0,1,0-7,0,7,13-27,13,27
296,Radford,Big South,2-25,2,25,10-45,10,45,223,8-20,8,20,287,272,8-22,8,22,2-23,2,23,0-0,0,0,1-7,1,7,0-7,0,7,0-0,0,0,9-31,9,31
297,New Mexico State,Western Athletic,9-21,9,21,12-36,12,36,263,3-15,3,15,305,303,9-17,9,17,3-16,3,16,0-3,0,3,0-0,0,0,1-6,1,6,1-6,1,6,10-24,10,24
298,Texas Southern,SWAC,17-10,17,10,19-22,19,22,303,2-10,2,10,248,81,7-7,7,7,9-9,9,9,3-6,3,6,0-4,0,4,0-0,0,0,0-5,0,5,19-13,19,13
299,Saint Bonaventure,Atlantic 10,5-19,5,19,8-40,8,40,256,3-21,3,21,297,252,3-15,3,15,5-25,5,25,0-0,0,0,0-0,0,0,0-0,0,0,0-0,0,0,8-40,8,40
300,Hartford,Independent,0-0,0,0,4-33,4,33,231,4-33,4,33,299,249,1-10,1,10,3-23,3,23,0-0,0,0,0-4,0,4,0-0,0,0,1-9,1,9,3-20,3,20
301,Saint Peter's,MAAC,4-20,4,20,9-41,9,41,269,5-21,5,21,286,263,6-10,6,10,3-29,3,29,0-2,0,2,0-0,0,0,1-2,1,2,0-6,0,6,8-33,8,33
302,Norfolk State,Northeast,6-24,6,24,9-42,9,42,268,3-18,3,18,294,180,9-18,9,18,0-24,0,24,0-0,0,0,0-0,0,0,0-2,0,2,0-7,0,7,9-33,9,33
303,Dartmouth,Ivy League,2-19,2,19,3-38,3,38,257,1-19,1,19,298,184,1-13,1,13,2-21,2,21,0-4,0,4,0-4,0,4,0-0,0,0,0-12,0,12,3-22,3,22
304,Arkansas-Pine Bluff,SWAC,10-20,10,20,11-33,11,33,304,1-13,1,13,301,241,5-12,5,12,6-21,6,21,0-0,0,0,0-0,0,0,0-1,0,1,0-3,0,3,11-29,11,29
305,Alcorn State,SWAC,5-25,5,25,5-37,5,37,305,0-12,0,12,304,248,1-21,1,21,4-15,4,15,0-1,0,1,0-0,0,0,0-1,0,1,0-1,0,1,5-35,5,35
