Predicted_Draft_Order,Tier,nameascii,draft_prob,rank_raw,pred_bonus,pred_slot,age,total_college_seasons,eligibility_basis
1,Early,Hunter Dietz,100.0,-0.006082356,3790231.0,2902686.0,21.0,3,class
2,Early,Cole Carlon,100.0,7.1690106,1659036.0,1825598.0,21.0,3,class
3,Early,Liam Peterson,100.0,10.879024,1509316.0,1052916.0,21.0,3,class
4,Early,Drew Burress,99.8,18.322044,2133672.0,3271514.0,21.0,3,class
5,Early,Jake Schaffner,99.9,21.74862,1208393.0,1103035.0,21.0,3,class
6,Early,Jarren Advincula,99.9,23.292212,2294259.0,2405140.0,21.0,3,class
7,Early,Owen Hull,100.0,30.05234,1484639.0,1149924.0,21.0,3,class
8,Early,Tegan Kuhns,100.0,37.279327,946925.0,800499.0,21.0,2,age
9,Early,Ryder Helfrick,99.8,38.75275,1095951.0,859159.0,21.0,3,class
10,Early,Roch Cholowsky,99.5,41.53511,1284251.0,1091961.0,21.0,3,class
11,Early,Carson Tinney,100.0,41.86006,3266694.0,2411118.0,21.0,3,class
12,Early,Daniel Jackson,100.0,43.01286,1873623.0,3101623.0,21.0,2,age
13,Early,AJ Gracia,100.0,43.30586,1296691.0,1192253.0,21.0,3,class
14,Early,Mulivai Levu,99.8,44.367546,1307630.0,1204257.0,21.0,3,class
15,Early,Nathan Taylor,100.0,45.184975,763616.0,978074.0,21.0,3,class
16,Early,Joey Volchko,100.0,45.822727,1411254.0,1318422.0,21.0,3,class
17,Early,Ethan Kleinschmit,100.0,46.8223,1363913.0,1203062.0,21.0,2,age
18,Early,Dee Kennedy,100.0,46.865376,1154093.0,1310945.0,21.0,3,class
19,Early,Wes Mendes,100.0,48.144775,1715028.0,1402303.0,21.0,3,class
20,Early,Henry Ford,99.3,50.329277,749336.0,1105656.0,21.0,3,class
21,Early,Carson Kerce,99.8,50.89171,1161752.0,1169484.0,21.0,3,class
22,Early,Aidan Knaak,99.8,52.003,682281.0,940120.0,21.0,3,class
23,Early,Alex Sosa,100.0,52.977993,1213222.0,997439.0,21.0,3,class
24,Early,Aiden Robbins,99.9,56.816666,1816057.0,2042548.0,21.0,3,class
25,Early,Gavin Grahovac,99.9,57.87026,1044830.0,1503522.0,21.0,3,class
26,Early,Ethan Norby,100.0,58.402523,871827.0,1278314.0,21.0,3,class
27,Early,Camden Kozeal,99.7,61.38802,1075979.0,902510.0,21.0,1,age
28,Early,Tyson LeBlanc,99.9,62.902004,1673662.0,2867840.0,21.0,1,age
29,Early,Daniel Cuvet,99.9,62.943977,741514.0,717120.0,21.0,3,class
30,Early,Jack Natili,99.6,63.49729,724378.0,728337.0,21.0,2,age
31,Early,Ace Reese,99.6,63.55447,979685.0,1446270.0,21.0,3,class
32,Early,Caden Sorrell,99.8,63.681587,979490.0,1191150.0,21.0,3,class
33,Early,Christopher Hacopian,99.7,65.279755,870130.0,1156032.0,21.0,3,class
34,Early,Connor Fennell,100.0,67.092735,1009836.0,737342.0,21.0,3,class
35,Early,Taylor Rabe,100.0,67.70979,905537.0,644928.0,21.0,2,age
36,Early,Kade Lewis,100.0,71.41473,825398.0,822345.0,21.0,3,class
37,Early,Cade Townsend,100.0,71.41499,732191.0,795379.0,21.0,2,age
38,Early,Colby Turner,99.9,71.62876,506485.0,1040889.0,21.0,3,class
39,Early,Jackson Flora,99.9,72.3723,1387577.0,1445576.0,21.0,3,class
40,Early,Trey Beard,100.0,72.54508,734024.0,757201.0,21.0,3,class
41,Early,LJ Mercurius,100.0,74.15074,760676.0,525253.0,21.0,3,class
42,Early,Trevor Hansen,99.9,75.63482,539978.0,518691.0,21.0,4,class
43,Early,Dominic Voegele,100.0,76.2618,823157.0,752573.0,21.0,3,class
44,Early,Ethan Mendoza,100.0,78.02102,709441.0,974464.0,21.0,3,class
45,Early,Brayden Dowd,100.0,78.1119,584331.0,746334.0,21.0,3,class
46,Early,Jack Radel,100.0,78.41858,1199042.0,804230.0,21.0,3,class
47,Early,Joe Tiroly,99.7,82.796196,697653.0,783221.0,21.0,3,class
48,Early,Eric Segura,100.0,82.893936,880278.0,1243537.0,21.0,3,class
49,Early,Evan Dempsey,99.5,83.005486,1097967.0,1215666.0,20.0,3,class
50,Early,Sawyer Strosnider,100.0,83.7615,552194.0,959753.0,21.0,2,age
51,Middle,Jake Brown,99.9,87.94277,855390.0,1180980.0,21.0,3,class
52,Middle,Isaiah Magdaleno,99.9,88.70402,1013984.0,833944.0,21.0,3,class
53,Middle,Will Gasparino,98.9,89.1436,290700.0,587936.0,21.0,3,class
54,Middle,Gavin Eddy,99.9,89.62777,549623.0,468033.0,21.0,2,age
55,Middle,Deiten Lachance,99.9,89.68403,623666.0,594161.0,21.0,1,age
56,Middle,Logan Reddemann,99.9,89.8139,955488.0,1119648.0,21.0,3,class
57,Middle,Roman Martin,98.1,90.02392,437065.0,577918.0,21.0,3,class
58,Middle,Cooper Nicholson,98.5,90.40248,364971.0,360599.0,21.0,1,age
59,Middle,Ty Head,100.0,91.33136,936078.0,1316592.0,21.0,2,age
60,Middle,Will Baker,99.6,91.7775,381865.0,590977.0,21.0,2,age
61,Middle,Carson Jasa,100.0,93.45162,739178.0,992178.0,21.0,2,age
62,Middle,Zion Rose,99.7,96.552414,560851.0,1042688.0,21.0,3,class
63,Middle,Gage Peterson,99.9,96.79469,500514.0,505589.0,21.0,1,age
64,Middle,Kollin Ritchie,99.9,97.526146,868632.0,1042130.0,21.0,3,class
65,Middle,Tyler Bell,99.8,98.38239,974711.0,880146.0,21.0,2,age
66,Middle,Rylan Lujo,99.9,98.60853,757274.0,1028388.0,21.0,2,age
67,Middle,Ryan Zuckerman,99.5,99.39509,486347.0,798804.0,21.0,3,class
68,Middle,Jacob Dudan,100.0,100.12718,516597.0,571626.0,21.0,3,class
69,Middle,Logan Hughes,99.9,101.226555,916685.0,1328284.0,21.0,3,class
70,Middle,Hudson Brown,99.6,101.50024,567701.0,804466.0,21.0,2,age
71,Middle,Gabe Gaeckle,99.9,101.880615,530875.0,443020.0,21.0,3,class
72,Middle,Charlie Sutherland,99.9,102.93061,452453.0,933712.0,21.0,3,class
73,Middle,James Guyette,100.0,103.81586,368771.0,422877.0,21.0,3,class
74,Middle,Kent Schmidt,99.6,104.210785,270126.0,354527.0,21.0,3,class
75,Middle,Cooper Allen,100.0,104.83643,284867.0,335509.0,21.0,3,class
76,Middle,Kevin Takeuchi,100.0,104.842186,606580.0,523065.0,21.0,3,class
77,Middle,Jack Spanier,99.9,105.08845,577863.0,786928.0,21.0,3,class
78,Middle,Luke Costello,100.0,105.115265,537980.0,793838.0,21.0,2,age
79,Middle,Justin Lebron,99.3,105.52583,477935.0,741777.0,21.0,3,class
80,Middle,Ryan Cooney,100.0,106.08788,538104.0,459924.0,21.0,3,class
81,Middle,Steven Milam,99.8,107.607056,490982.0,939066.0,21.0,3,class
82,Middle,Evan Blanco,100.0,107.92287,164556.0,435451.0,22.0,4,class
83,Middle,Adam Agresti,99.3,108.49883,620176.0,655252.0,21.0,3,class
84,Middle,Charles West,99.5,109.21088,300800.0,384669.0,20.0,3,class
85,Middle,Ruger Riojas,100.0,109.282394,518995.0,1046455.0,22.0,4,class
86,Middle,Bear Harrison,99.7,109.629456,643077.0,900837.0,21.0,2,age
87,Middle,Macon Winslow,99.5,110.41774,282150.0,436557.0,21.0,3,class
88,Middle,Kyle Jones,99.8,110.43488,441010.0,414164.0,21.0,3,class
89,Middle,Tate McKee,99.9,111.073395,458225.0,415776.0,21.0,3,class
90,Middle,Ethan Hindle,99.4,113.748566,443033.0,684462.0,21.0,3,class
91,Middle,Ryan Marohn,99.9,114.47234,310908.0,367280.0,21.0,3,class
92,Middle,Gavin Gallaher,99.8,114.624664,480735.0,648442.0,21.0,3,class
93,Middle,Mark Quatrani,99.7,114.90349,314815.0,409817.0,21.0,3,class
94,Middle,Robert Evans,99.9,116.13883,158185.0,318547.0,22.0,3,class
95,Middle,Braden Holcomb,99.7,119.18228,447946.0,580174.0,21.0,3,class
96,Middle,Kam Durnin,99.7,119.456314,643519.0,849718.0,21.0,3,class
97,Middle,Kole Klecker,99.8,119.906296,405776.0,414924.0,21.0,4,class
98,Middle,Luke Nixon,99.9,121.278175,570079.0,742589.0,21.0,3,class
99,Middle,Maxx Yehl,99.9,121.600845,304215.0,374356.0,22.0,3,class
100,Middle,Marcus Kruzan,99.7,121.69489,230519.0,267993.0,21.0,3,class
101,Middle,Tanner Marsh,98.8,122.32639,419442.0,488238.0,21.0,3,class
102,Middle,Rintaro Sasaki,95.7,122.71876,356182.0,465691.0,21.0,2,age
103,Middle,Ryan Lynch,99.6,124.209274,311684.0,362119.0,21.0,2,age
104,Middle,Armani Guzman,99.5,125.74744,440258.0,484023.0,21.0,3,class
105,Middle,Brady Ballinger,99.5,126.545494,339318.0,384382.0,21.0,2,age
106,Middle,Hideki Prather,99.7,126.71081,405459.0,509332.0,21.0,2,age
107,Middle,Jaxon Jelkin,99.9,126.97822,93752.0,272672.0,23.0,3,class
108,Middle,Colby Allen,99.9,127.05075,45852.0,306846.0,23.0,4,class
109,Middle,Russell Sandefer,99.8,128.75195,327621.0,310239.0,21.0,2,age
110,Middle,Hunter Elliott,99.7,130.36948,91502.0,566047.0,23.0,4,class
111,Middle,Johnny Nuanez,98.3,130.63351,201813.0,306042.0,21.0,1,age
112,Middle,Eric Becker,99.8,130.76036,371921.0,340900.0,21.0,3,class
113,Middle,Dean West,98.2,131.31677,373642.0,563130.0,21.0,3,class
114,Middle,Brett Renfrow,99.9,131.35236,380344.0,317285.0,21.0,3,class
115,Middle,Max Bayles,100.0,131.64453,468222.0,411880.0,21.0,3,class
116,Middle,Ty Horn,99.9,132.43921,208363.0,288931.0,21.0,3,class
117,Middle,Cameron Johnson,99.8,133.31892,458219.0,434106.0,21.0,3,class
118,Middle,Zane Adams,99.9,133.51425,129626.0,400601.0,22.0,3,class
119,Middle,Nu'u Contrades,99.7,133.60744,196727.0,425613.0,22.0,3,class
120,Middle,Tyler Fay,99.9,133.9157,387708.0,634098.0,22.0,3,class
121,Middle,Colton Coates,95.1,134.72078,247919.0,430562.0,21.0,3,class
122,Middle,David Rossow,99.8,135.34387,79421.0,330588.0,23.0,4,class
123,Middle,Jake Long,99.2,136.08357,280169.0,634959.0,21.0,2,age
124,Middle,Garrett Lambert,99.9,136.99333,261966.0,456081.0,21.0,2,age
125,Middle,Charlie Scholvin,98.4,137.06877,265517.0,316082.0,21.0,3,class
126,Middle,Erik Paulsen,99.2,137.49461,297691.0,298970.0,21.0,3,class
127,Middle,Isaac Morton,99.9,138.10063,252461.0,328392.0,21.0,3,class
128,Middle,Derek Curiel,99.8,138.21417,581832.0,567511.0,21.0,2,age
129,Middle,Luke Harrison,99.9,138.91223,64162.0,351674.0,23.0,4,class
130,Middle,Augie Lopez,99.0,139.35756,253869.0,356756.0,21.0,2,age
131,Middle,Tanner Griffith,98.9,139.9714,223992.0,440179.0,21.0,3,class
132,Middle,Alex Petrovic,100.0,141.83615,98509.0,345481.0,22.0,3,class
133,Middle,Derek Williams,99.7,143.62964,35152.0,214080.0,23.0,3,class
134,Middle,Davis Hamilton,99.6,143.99586,149528.0,268696.0,22.0,4,class
135,Middle,Eric Guevara,99.8,144.05103,485179.0,414172.0,21.0,3,class
136,Middle,Lane Arroyos,96.7,144.39856,249389.0,399129.0,21.0,1,age
137,Middle,Tre Phelps,99.7,144.50208,160901.0,450738.0,22.0,3,class
138,Middle,Ethan Surowiec,98.6,146.4795,422844.0,324798.0,21.0,2,age
139,Middle,Bryson Moore,99.9,147.08624,225172.0,373931.0,21.0,3,class
140,Middle,Armani Raygoza,98.8,147.33073,383907.0,364994.0,21.0,3,class
141,Middle,Davis Gillespie,98.6,148.2393,136204.0,242154.0,22.0,3,class
142,Middle,Brennon Wright,98.0,148.4144,210113.0,480873.0,21.0,1,age
143,Middle,Brady Neal,98.6,149.26785,284645.0,330451.0,21.0,4,class
144,Middle,Sam Harris,95.3,149.76169,262173.0,244262.0,21.0,3,class
145,Middle,Lucas Moore,92.1,150.14647,370917.0,366285.0,21.0,3,class
146,Middle,Caden Aoki,99.9,150.37349,100338.0,303403.0,23.0,5,class
147,Middle,Jack Cannon,99.4,150.52094,725191.0,1051391.0,21.0,3,class
148,Middle,Michael Sharman,96.8,151.47864,53491.0,251026.0,24.0,2,age
149,Middle,Manny Salas,96.5,152.35971,316144.0,428708.0,21.0,1,age
150,Middle,Adrian Lopez,99.9,152.40967,403875.0,491016.0,21.0,3,class
151,Late,Matt Bucciero,98.6,152.68777,270840.0,411056.0,21.0,4,class
152,Late,Duncan Marsten,100.0,153.16145,292767.0,313141.0,21.0,2,age
153,Late,Brendan Brock,99.2,155.40248,462937.0,449757.0,21.0,1,age
154,Late,Trey Hawsey,99.2,155.61958,234323.0,377533.0,21.0,2,age
155,Late,Regan Hall,99.8,155.62392,242713.0,330432.0,21.0,3,class
156,Late,Karson Bowen,97.1,156.29877,282880.0,361668.0,21.0,4,class
157,Late,Cooper Consiglio,96.6,156.43475,287866.0,306375.0,20.0,3,class
158,Late,Gable Mitchell,99.1,156.67882,106079.0,257399.0,22.0,4,class
159,Late,Matt Conte,99.8,157.019,213037.0,364221.0,21.0,2,age
160,Late,Connor Marshburn,99.7,157.27657,193205.0,337428.0,21.0,3,class
161,Late,Cal Scolari,99.9,157.32121,230131.0,322764.0,22.0,2,age
162,Late,Joseph Urban,99.4,157.99112,208672.0,358964.0,22.0,4,class
163,Late,Camden Johnson,99.5,158.04216,437528.0,523144.0,21.0,3,class
164,Late,Dean Mihos,97.0,158.87584,188628.0,270216.0,21.0,4,class
165,Late,Ethan Stade,99.5,158.93483,79045.0,201777.0,23.0,1,age
166,Late,Chris McHugh,94.0,159.26428,303163.0,290886.0,20.0,3,class
167,Late,Michael Smith,99.3,159.48808,217472.0,406455.0,21.0,3,class
168,Late,Connor Cuff,92.9,160.24323,130024.0,245619.0,21.0,3,class
169,Late,Aaron Piasecki,99.5,160.28897,146216.0,263130.0,22.0,2,age
170,Late,Evan Holewinski,91.6,160.68051,209564.0,336719.0,21.0,2,age
171,Late,Ryan Niedzwiedz,99.6,160.94246,270293.0,536007.0,21.0,3,class
172,Late,Curry Sutherland,98.6,161.00081,152917.0,276715.0,21.0,3,class
173,Late,Colin Fisher,99.9,161.52176,245400.0,280577.0,21.0,3,class
174,Late,Steele Murdock,99.9,161.8209,192857.0,302183.0,21.0,2,age
175,Late,Collin Jennings,94.8,162.84465,357506.0,513531.0,21.0,3,class
176,Late,Ashton Larson,97.5,163.42961,181971.0,266177.0,21.0,3,class
177,Late,Cole Raile,99.5,163.82922,217595.0,397796.0,21.0,3,class
178,Late,Zack Konstantinovsky,98.6,163.86736,276116.0,261846.0,21.0,2,age
179,Late,David Mendez,99.5,164.23505,322800.0,443874.0,21.0,3,class
180,Late,Tristan Bissetta,96.1,164.51723,28689.0,282567.0,23.0,4,class
181,Late,Mathis Nayral,99.1,164.63106,124469.0,210848.0,22.0,1,age
182,Late,Jaxon Willits,99.7,165.22362,362914.0,394930.0,21.0,3,class
183,Late,Collin Clarke,99.9,165.76584,142808.0,266189.0,21.0,3,class
184,Late,Logan Shepherd,93.7,165.80862,275688.0,589613.0,21.0,1,age
185,Late,Mason Eckelman,95.6,165.84203,267764.0,483383.0,21.0,3,class
186,Late,Reese Chapman,99.5,166.524,115130.0,300489.0,22.0,4,class
187,Late,Cole Selvig,99.9,167.00063,222518.0,295722.0,21.0,3,class
188,Late,Chris Diaz,98.5,167.21214,132721.0,275372.0,21.0,3,class
189,Late,Brayden Bakes,99.4,167.82469,241872.0,630771.0,21.0,2,age
190,Late,Dean Toigo,99.1,169.14078,26071.0,166358.0,23.0,2,age
191,Late,Cade Baldridge,98.8,169.2308,249730.0,252696.0,21.0,1,age
192,Late,Jake Bennett,99.6,169.511,278133.0,535838.0,21.0,2,age
193,Late,Michael Anderson,98.5,169.86964,228865.0,204486.0,22.0,4,class
194,Late,Caden Ferraro,93.5,169.88194,175162.0,472038.0,21.0,1,age
195,Late,Josh Swink,98.9,169.96773,153944.0,305297.0,21.0,3,class
196,Late,Lane Haworth,98.3,169.99088,192284.0,421341.0,21.0,3,class
197,Late,Weber Neels,99.6,170.06049,28867.0,246338.0,23.0,4,class
198,Late,Lorenzo Carrier,99.5,170.17918,53818.0,390428.0,23.0,5,class
199,Late,Alex Fernandes,99.0,171.00716,29694.0,259605.0,23.0,3,class
200,Late,Josh McDevitt,100.0,171.04666,189229.0,314816.0,22.0,3,class
201,Late,Chris Katz,99.9,171.5529,81568.0,690076.0,23.0,5,class
202,Late,Luke Gaffney,99.2,171.98363,142235.0,277529.0,22.0,3,class
203,Late,Isaac Cadena,99.7,173.10855,214477.0,227048.0,21.0,3,class
204,Late,Davin Whitaker,96.8,173.33945,227690.0,382520.0,21.0,2,age
205,Late,Sherman Johnson,99.7,173.41637,263223.0,478696.0,21.0,1,age
206,Late,Easton Talt,99.1,174.37129,125636.0,325057.0,22.0,4,class
207,Late,Zeb Allen,96.0,174.60457,190030.0,290327.0,21.0,3,class
208,Late,RJ Hamilton,92.8,174.84315,201186.0,315450.0,21.0,2,age
209,Late,Jorsixt Jimenez,92.9,175.89929,41440.0,168944.0,23.0,2,age
210,Late,Brennan Hudson,98.4,176.09,79274.0,352818.0,22.0,4,class
211,Late,Shane Sdao,99.6,176.1478,124651.0,233255.0,22.0,3,class
212,Late,Camden Wimbish,94.6,176.29585,159636.0,226650.0,21.0,3,class
213,Late,Kyle Morrison,96.2,176.63188,111536.0,229495.0,22.0,2,age
214,Late,Ryan Castillo,99.1,176.65228,169173.0,296658.0,21.0,3,class
215,Late,Jake Lambdin,90.4,176.74547,245441.0,334436.0,21.0,3,class
216,Late,Evan Bottone,97.2,177.05753,261981.0,513809.0,21.0,3,class
217,Late,Javar Williams,100.0,178.00473,89498.0,255474.0,22.0,3,class
218,Late,Joseph Webb,99.9,178.09299,119910.0,227831.0,22.0,2,age
219,Late,Nick Barone,94.7,178.11226,93483.0,216464.0,22.0,4,class
220,Late,Merik Carter,96.4,178.39209,96394.0,194210.0,22.0,2,age
221,Late,Dominic Decker,99.0,178.60956,18939.0,284604.0,23.0,2,age
222,Late,Jaxon Shineflew,98.8,179.41397,165878.0,306674.0,21.0,3,class
223,Late,Noah Sullivan,99.6,179.62793,20563.0,248334.0,23.0,5,class
224,Late,Grayson Fitzwater,99.7,179.68819,122756.0,254250.0,22.0,4,class
225,Late,Weston Moss,99.7,179.84491,122137.0,284655.0,22.0,3,class
226,Late,Tazwell Butler,98.2,179.86447,30734.0,153119.0,23.0,2,age
227,Late,Jordan Crosland,96.9,179.95328,274202.0,340594.0,21.0,3,class
228,Late,Joe Sperry,99.6,179.97237,109798.0,190798.0,22.0,2,age
229,Late,Mike Mancini,99.7,180.47874,148202.0,372458.0,22.0,4,class
230,Late,Diego Castellanos,96.9,180.71344,160573.0,306401.0,21.0,3,class
231,Late,Ellis Garcia,94.9,180.96367,111297.0,226872.0,22.0,4,class
232,Late,Kolby Branch,97.6,181.80057,14863.0,205424.0,23.0,4,class
233,Late,AJ Nessler,99.4,182.36107,143315.0,244825.0,22.0,4,class
234,Late,Matt Cuccias,98.9,182.58563,137869.0,329162.0,21.0,1,age
235,Late,Mason Steele,96.0,182.86171,181099.0,277747.0,21.0,1,age
236,Late,Drew Berkland,99.7,182.94882,113226.0,231039.0,22.0,4,class
237,Late,Judd Utermark,99.4,183.07193,179948.0,375186.0,22.0,4,class
238,Late,Easton Richter,96.8,183.71773,117745.0,248129.0,22.0,4,class
239,Late,Zachary Peters,98.2,183.76035,43036.0,273137.0,23.0,4,class
240,Late,Tommy Egan,98.0,183.98866,43440.0,229331.0,23.0,3,class
241,Late,Jacob Jarrell,93.1,184.16281,16333.0,250613.0,23.0,4,class
242,Late,Jayce Tharnish,99.5,184.18396,110449.0,228440.0,22.0,4,class
243,Late,Evan Jones,94.9,184.345,103566.0,172851.0,22.0,3,class
244,Late,Justin Byrd,99.8,184.6943,201457.0,248187.0,22.0,2,age
245,Late,Amp Phillips,99.8,184.75667,306922.0,404122.0,21.0,2,age
246,Late,Dylan Carey,99.8,185.98674,94761.0,231791.0,22.0,4,class
247,Late,Caden Dulin,99.5,186.32176,105380.0,253941.0,22.0,3,class
248,Late,Drew Talavs,95.1,186.61354,204485.0,290015.0,21.0,3,class
249,Late,Nolan Higgins,95.1,186.669,150937.0,334806.0,21.0,4,class
250,Late,Erick Dessens,97.7,186.80927,197204.0,428110.0,21.0,1,age
251,Late,Lee Amedee,96.9,187.3139,124499.0,229032.0,22.0,4,class
252,Late,Owen Clyne,96.7,187.88274,38634.0,160401.0,22.0,2,age
253,Late,Ty Uber,92.2,187.90106,28956.0,191321.0,23.0,4,class
254,Late,Andrew Evans,99.7,188.2026,46583.0,195545.0,22.0,3,class
255,Late,Paul Schoenfeld,98.4,188.68115,37541.0,224832.0,23.0,1,age
256,Late,Mikiah Negrete,98.6,188.89268,60906.0,173247.0,22.0,4,class
257,Late,Oliver De La Torre,99.5,188.92883,187236.0,262356.0,21.0,3,class
258,Late,Jack Lausch,91.3,189.45306,111703.0,226270.0,22.0,2,age
259,Late,Logan Johnstone,97.4,189.6935,28289.0,263530.0,23.0,5,class
260,Late,Blake Cyr,99.6,190.32399,137073.0,176254.0,22.0,4,class
261,Late,Kyeler Thompson,93.2,190.53876,150379.0,252734.0,21.0,2,age
262,Late,David Leslie,90.3,190.87068,40935.0,224401.0,23.0,1,age
263,Late,Logan Knight,98.6,191.34174,89234.0,171602.0,22.0,3,class
264,Late,Stormy Rhodes,98.9,191.66939,187715.0,260007.0,21.0,2,age
265,Late,Ben Tryon,97.7,191.79613,142132.0,233477.0,21.0,3,class
266,Late,Folger Boaz,98.5,192.14418,136621.0,232568.0,22.0,3,class
267,Late,Dane Harvey,95.9,192.20628,254418.0,593143.0,21.0,1,age
268,Late,Dylan Vigue,99.5,192.39516,133492.0,305562.0,22.0,3,class
269,Late,Ethan Lay,99.6,192.43643,84017.0,204736.0,22.0,2,age
270,Late,Carter Dierdorf,97.3,192.45374,76876.0,204823.0,22.0,2,age
271,Late,Hunter Possehl,95.9,192.89223,171526.0,300530.0,21.0,2,age
272,Late,Colter McAnelly,99.5,192.92253,204798.0,340910.0,21.0,3,class
273,Late,Kai Wagner,99.3,193.21219,90545.0,203083.0,22.0,3,class
274,Late,Conner Ross,97.3,194.31255,72296.0,188726.0,22.0,2,age
275,Late,Cade Carr,90.5,194.38509,174315.0,282108.0,21.0,3,class
276,Late,Tyce Armstrong,99.0,194.4877,117229.0,192155.0,22.0,4,class
277,Late,Ryan Towers,90.9,194.50027,34778.0,172593.0,23.0,3,class
278,Late,Ezra McNaughton,99.2,195.0226,120635.0,213200.0,22.0,2,age
279,Late,Trey King,98.7,195.04999,232060.0,310854.0,21.0,3,class
280,Late,John Damozonio,98.9,195.19937,70040.0,202940.0,22.0,4,class
281,Late,Connor Kelley,98.5,195.90396,108268.0,231378.0,22.0,2,age
282,Late,Eli Pillsbury,99.7,196.11172,119963.0,195303.0,22.0,1,age
283,Late,Tommy Harrison,99.5,196.27658,124789.0,304258.0,22.0,3,class
284,Late,Gavin Perry,93.0,196.30368,31949.0,188362.0,23.0,2,age
285,Late,Trey Gambill,96.2,196.59026,21222.0,220082.0,24.0,2,age
286,Late,Nathan Leininger,98.2,197.64816,46193.0,167180.0,22.0,4,class
287,Late,Chase Frey,96.0,197.88599,132565.0,239311.0,21.0,1,age
288,Late,Cole Tabor,96.4,198.00989,103450.0,175465.0,22.0,2,age
289,Late,Cody Brasch,99.4,198.13078,132065.0,173597.0,22.0,1,age
290,Late,Blake Grimmer,97.6,198.21863,111866.0,314158.0,22.0,2,age
291,Late,Jaxon Lucas,91.9,198.74512,165083.0,351540.0,21.0,3,class
292,Late,Wyatt Danilowicz,99.6,199.6104,148541.0,239282.0,22.0,3,class
293,Late,Matt Scott,99.3,199.91542,146976.0,238340.0,22.0,4,class
294,Late,Luke Pettitte,93.2,200.15323,142037.0,335834.0,21.0,3,class
295,Late,Tony Neubeck,95.9,200.2292,33365.0,237958.0,23.0,4,class
296,Late,Lincoln Sheffield,99.6,200.6579,116032.0,183553.0,22.0,2,age
297,Late,Burke-Lee Mabeus,98.6,200.76935,170978.0,260429.0,21.0,2,age
298,Late,Darin Horn,99.8,201.61633,35959.0,310175.0,23.0,4,class
299,Late,Maddox Haley,96.5,201.71095,218276.0,413806.0,21.0,2,age
300,Late,Landon Stump,99.1,202.74443,156335.0,303844.0,21.0,3,class
