Predicted_Draft_Order,Tier,nameascii,draft_prob,rank_raw,pred_ratio,pred_bonus,pred_slot,age,age_filled,seasons_to_date,eligibility_basis_predraft
1,Early,Andrew Fischer,100.0,3.5127761,0.858,4288074.0,4997813.0,21.0,21.0,3,class
2,Early,Anthony Eyanson,100.0,12.159861,1.018,3209993.0,3152760.0,20.0,20.0,3,class
3,Early,Liam Doyle,100.0,18.991024,0.878,3870382.0,4406278.0,21.0,21.0,3,class
4,Early,Gavin Kilen,100.0,23.561258,0.978,2906596.0,2971341.0,21.0,21.0,3,class
5,Early,Jamie Arnold,100.0,25.025417,0.882,2009660.0,2279480.0,21.0,21.0,3,class
6,Early,Zachary Root,100.0,25.826708,1.043,2819502.0,2704466.0,21.0,21.0,3,class
7,Early,Aiva Arquette,99.8,26.701986,0.974,2080306.0,2134958.0,21.0,21.0,3,class
8,Early,J.D. Thompson,100.0,27.825489,0.734,1550552.0,2113261.0,21.0,21.0,3,class
9,Early,Wehiwa Aloy,99.9,32.72962,1.295,1989449.0,1536527.0,21.0,21.0,3,class
10,Early,Mitch Voit,100.0,35.18578,0.967,1673009.0,1730306.0,20.0,20.0,3,class
11,Early,Ike Irish,100.0,35.905975,0.988,2497912.0,2527207.0,21.0,21.0,3,class
12,Early,Alex Lodise,99.9,37.413574,1.048,1410989.0,1346082.0,21.0,21.0,3,class
13,Early,Kyle Lodise,99.9,38.74758,0.835,1167773.0,1398057.0,21.0,21.0,1,age
14,Early,Gavin Turley,99.4,41.45697,0.913,1328855.0,1454816.0,21.0,21.0,3,class
15,Early,Patrick Forbes,99.9,42.35019,1.109,1843140.0,1661754.0,20.0,20.0,3,class
16,Early,Cam Cannarella,98.9,42.587814,0.988,783271.0,792511.0,21.0,21.0,3,class
17,Early,JB Middleton,99.8,44.79037,0.942,892438.0,947434.0,21.0,21.0,3,class
18,Early,Cade Obermueller,100.0,45.084343,1.02,1009167.0,988988.0,21.0,21.0,3,class
19,Early,Justin Lamkin,100.0,45.55374,0.755,806739.0,1068491.0,21.0,21.0,3,class
20,Early,Tyler Bremner,100.0,46.736393,0.994,1741414.0,1751198.0,21.0,21.0,3,class
21,Early,Kane Kepley,99.9,49.129616,0.958,710133.0,741501.0,21.0,21.0,3,class
22,Early,Charles Davalan,99.9,53.60756,1.126,1176897.0,1045140.0,21.0,21.0,2,age
23,Early,Ben Jacobs,100.0,62.563995,1.084,684206.0,631248.0,21.0,21.0,3,class
24,Early,Owen Proksch,100.0,63.11202,1.096,461026.0,420778.0,21.0,21.0,3,class
25,Early,Ethan Hedges,99.7,63.37596,1.138,1393833.0,1224892.0,21.0,21.0,3,class
26,Early,Cody Bowker,100.0,66.01419,0.669,627969.0,939318.0,21.0,21.0,3,class
27,Early,Blake Gillespie,99.9,67.26988,0.929,915214.0,984650.0,21.0,21.0,3,class
28,Early,Aaron Walton,99.9,68.41484,0.935,1097687.0,1173544.0,21.0,21.0,3,class
29,Early,Jared Spencer,99.8,70.97433,0.895,672148.0,751216.0,21.0,21.0,4,class
30,Early,Jared Jones,99.1,71.06882,1.071,1250326.0,1166986.0,21.0,21.0,3,class
31,Early,Pico Kohn,100.0,73.41113,0.715,351600.0,491924.0,22.0,22.0,3,class
32,Early,Jace LaViolette,98.5,74.701866,0.982,737030.0,750416.0,21.0,21.0,3,class
33,Early,Max Williams,99.9,74.81157,0.991,591050.0,596517.0,20.0,20.0,3,class
34,Early,Easton Carmichael,99.9,75.15647,1.082,1143228.0,1056549.0,21.0,21.0,3,class
35,Early,Brendan Summerhill,99.8,76.2249,0.862,877685.0,1017972.0,21.0,21.0,3,class
36,Early,Joseph Dzierwa,99.8,77.84499,1.295,646956.0,499578.0,21.0,21.0,3,class
37,Early,Jake Munroe,98.2,78.34268,0.844,423226.0,501336.0,21.0,21.0,1,age
38,Early,Harrison Bodendorf,99.9,84.02261,0.917,348027.0,379671.0,21.0,21.0,3,class
39,Early,Marek Houston,99.2,84.70112,1.099,918333.0,835784.0,21.0,21.0,3,class
40,Early,Leighton Finley,99.9,84.98599,0.842,379250.0,450402.0,21.0,21.0,3,class
41,Early,Dean Curley,99.7,85.5412,1.098,663295.0,604073.0,21.0,21.0,2,age
42,Early,Mason White,99.8,86.61872,0.937,894893.0,954636.0,21.0,21.0,3,class
43,Early,Luke Hill,99.7,89.144806,1.077,633624.0,588126.0,21.0,21.0,3,class
44,Early,Griffin Hugus,99.9,92.10431,1.036,459182.0,443246.0,21.0,21.0,3,class
45,Early,Caden Bodine,98.5,93.626816,0.773,454132.0,587577.0,21.0,21.0,3,class
46,Early,Trevor Cohen,99.0,93.63038,1.004,615630.0,613126.0,21.0,21.0,3,class
47,Early,Tre Phelps,99.6,96.45138,0.877,444695.0,507031.0,21.0,21.0,2,age
48,Early,Mason Neville,99.2,97.10611,0.802,916030.0,1142119.0,21.0,21.0,3,class
49,Early,Cameron Maldonado,96.8,98.88703,0.89,451817.0,507626.0,21.0,21.0,3,class
50,Early,Nolan Schubart,98.4,99.08585,1.032,507656.0,491855.0,21.0,21.0,3,class
51,Middle,Slate Alford,99.7,99.425865,0.678,268873.0,396850.0,22.0,22.0,4,class
52,Middle,Tyler Albright,98.1,99.529366,1.022,338817.0,331601.0,21.0,21.0,3,class
53,Middle,Marshall Lipsey,93.1,100.41343,1.055,546409.0,518039.0,21.0,21.0,1,age
54,Middle,Myles Patton,99.8,100.4431,0.719,290049.0,403680.0,21.0,21.0,3,class
55,Middle,Matthew Miura,98.7,100.73288,0.951,502139.0,527790.0,21.0,21.0,3,class
56,Middle,Nick Monistere,98.0,100.986,0.877,405796.0,462606.0,21.0,21.0,3,class
57,Middle,Jacob Morrison,99.7,102.5553,0.595,235095.0,394974.0,21.0,21.0,2,age
58,Middle,Mason Morris,99.8,102.880745,1.028,453338.0,440891.0,21.0,21.0,3,class
59,Middle,Josh Hogue,99.7,104.11344,0.818,261661.0,319918.0,21.0,21.0,2,age
60,Middle,Ryan Daniels,99.5,104.34924,0.825,559546.0,678498.0,21.0,21.0,3,class
61,Middle,Cody Miller,99.7,106.59403,0.679,547108.0,806013.0,20.0,20.0,3,class
62,Middle,Daniel Dickinson,99.5,106.931076,0.975,474297.0,486680.0,21.0,21.0,3,class
63,Middle,Dixon Williams,97.4,107.43269,0.969,391949.0,404492.0,21.0,21.0,3,class
64,Middle,Dominick Reid,99.9,107.700745,0.792,375199.0,473484.0,21.0,21.0,3,class
65,Middle,Grant Jay,99.4,107.86706,0.859,560202.0,652530.0,21.0,21.0,3,class
66,Middle,Logan Lunceford,99.9,108.1717,0.992,366815.0,369707.0,21.0,21.0,3,class
67,Middle,Kaeden Kent,99.7,108.25776,0.988,428669.0,433755.0,21.0,21.0,3,class
68,Middle,Drew Faurot,99.3,110.928024,0.916,354086.0,386758.0,21.0,21.0,3,class
69,Middle,Core Jackson,98.8,111.36247,1.023,400409.0,391276.0,21.0,21.0,3,class
70,Middle,Isaiah Jackson,97.9,111.58181,1.033,402584.0,389782.0,21.0,21.0,3,class
71,Middle,Riley Quick,99.8,111.78857,1.062,396614.0,373462.0,21.0,21.0,3,class
72,Middle,Robbie Burnett,99.8,111.81483,0.733,317988.0,433598.0,22.0,22.0,3,class
73,Middle,Henry Godbout,98.8,113.895294,0.871,426172.0,489483.0,21.0,21.0,3,class
74,Middle,Joey Volini,100.0,114.06582,0.713,245630.0,344718.0,22.0,22.0,3,class
75,Middle,Ryan Wideman,99.7,117.7174,0.689,401419.0,582740.0,21.0,21.0,1,age
76,Middle,James Ellwanger,100.0,118.13858,1.069,411253.0,384843.0,21.0,21.0,2,age
77,Middle,Antoine Jean,99.7,119.43398,0.199,70207.0,352494.0,23.0,23.0,4,class
78,Middle,Nu'u Contrades,99.0,119.4809,1.01,349228.0,345938.0,21.0,21.0,2,age
79,Middle,Brent Iredale,99.5,120.59,1.02,378953.0,371563.0,21.0,21.0,1,age
80,Middle,Trent Caraway,95.3,121.494736,0.913,374542.0,410112.0,21.0,21.0,2,age
81,Middle,Evan Siary,99.7,124.35205,0.93,304544.0,327388.0,21.0,21.0,3,class
82,Middle,Ethan Frey,99.1,125.373535,0.856,249345.0,291170.0,21.0,21.0,3,class
83,Middle,Landon Beidelschies,99.8,125.86552,0.983,383383.0,390034.0,21.0,21.0,3,class
84,Middle,Logan Sauve,97.8,125.892456,0.904,310350.0,343176.0,21.0,21.0,3,class
85,Middle,Aidan Cremarosa,99.9,127.50199,0.838,308360.0,367920.0,21.0,21.0,3,class
86,Middle,Aaron Savary,99.0,128.75389,0.506,187492.0,370597.0,20.0,20.0,3,class
87,Middle,Dominic Fritton,100.0,131.02722,0.8,236698.0,295934.0,22.0,22.0,3,class
88,Middle,Dylan Brown,99.8,131.46826,1.019,386378.0,379158.0,21.0,21.0,3,class
89,Middle,Murf Gray,98.4,132.68959,0.77,229083.0,297439.0,21.0,21.0,2,age
90,Middle,Nathan Humphreys,99.9,133.1692,0.468,143984.0,307568.0,22.0,22.0,4,class
91,Middle,Cade Crossland,99.9,134.85912,1.047,344380.0,328845.0,21.0,21.0,1,age
92,Middle,Rory Fox,97.7,135.7225,0.974,315388.0,323673.0,21.0,21.0,3,class
93,Middle,Grayson Fitzwater,90.2,136.0444,0.782,233490.0,298761.0,21.0,21.0,3,class
94,Middle,Ethan Walker,90.3,136.78082,0.808,229762.0,284427.0,21.0,21.0,3,class
95,Middle,Antonio Jimenez,99.4,136.89082,1.1,319841.0,290714.0,21.0,21.0,2,age
96,Middle,Jonathan Gonzalez,98.6,137.27205,0.618,160372.0,259443.0,22.0,22.0,3,class
97,Middle,Isaiah Barkett,98.0,137.8225,0.887,340676.0,384020.0,21.0,21.0,3,class
98,Middle,Brian Curley,99.9,138.1848,0.66,172616.0,261539.0,22.0,22.0,3,class
99,Middle,Kerrington Cross,99.7,138.42482,0.105,39831.0,377874.0,23.0,23.0,4,class
100,Middle,Zane Adams,98.9,139.04216,1.097,326625.0,297874.0,21.0,21.0,2,age
101,Middle,Grayson Grinsell,100.0,140.33742,0.495,185401.0,374464.0,21.0,21.0,3,class
102,Middle,Colin Yeaman,99.0,141.58607,0.691,171673.0,248297.0,21.0,21.0,1,age
103,Middle,Hunter Elliott,100.0,141.7396,0.848,263155.0,310176.0,22.0,22.0,3,class
104,Middle,Braeden Sloan,100.0,145.4965,0.969,238270.0,245816.0,21.0,21.0,3,class
105,Middle,Judd Utermark,93.0,145.61617,1.048,414451.0,395287.0,21.0,21.0,3,class
106,Middle,Carlos Pena,98.1,145.86969,0.835,272427.0,326289.0,21.0,21.0,4,class
107,Middle,Colton Book,99.7,146.46901,0.443,134714.0,303802.0,22.0,22.0,3,class
108,Middle,Jared Davis,96.0,148.58481,0.946,262512.0,277530.0,21.0,21.0,1,age
109,Middle,Nelson Keljo,99.3,149.00389,1.049,271614.0,258910.0,21.0,21.0,3,class
110,Middle,Micah Bucknam,99.8,149.06131,0.885,244797.0,276696.0,21.0,21.0,3,class
111,Middle,Samuel Dutton,99.8,149.64925,0.65,177757.0,273526.0,22.0,22.0,4,class
112,Middle,Matt Scott,97.2,149.71011,1.136,264361.0,232749.0,21.0,21.0,3,class
113,Middle,Matt King,97.9,149.95552,0.643,124823.0,194148.0,22.0,22.0,4,class
114,Middle,Kade Snell,97.3,150.30002,0.855,234202.0,274028.0,22.0,22.0,2,age
115,Middle,Jack Anker,99.6,150.8834,1.035,366954.0,354692.0,21.0,21.0,3,class
116,Middle,Nathan Hall,99.4,151.46924,1.135,343164.0,302405.0,21.0,21.0,3,class
117,Middle,Damian Bravo,95.0,151.71643,1.239,353642.0,285516.0,21.0,21.0,3,class
118,Middle,Landyn Vidourek,99.6,152.14502,1.212,348077.0,287220.0,21.0,21.0,3,class
119,Middle,Kien Vu,99.4,152.60857,1.222,296141.0,242251.0,21.0,21.0,3,class
120,Middle,Ty Doucette,95.9,153.35207,1.1,388214.0,353078.0,21.0,21.0,2,age
121,Middle,Jake Clemente,99.8,153.78944,1.017,264096.0,259596.0,21.0,21.0,2,age
122,Middle,Cameron Nickens,99.8,153.95248,0.843,571184.0,677589.0,21.0,21.0,4,class
123,Middle,Harrison Feinberg,99.4,154.0814,0.586,148745.0,253650.0,22.0,22.0,3,class
124,Middle,Dalton Bargo,91.2,154.49643,1.322,371628.0,281067.0,21.0,21.0,3,class
125,Middle,Devin Obee,93.8,155.11969,1.07,257600.0,240841.0,21.0,21.0,4,class
126,Middle,Ryan Moerman,94.2,155.56825,1.04,265601.0,255353.0,21.0,21.0,4,class
127,Middle,Ryan Weingartner,98.2,156.15218,1.122,313820.0,279753.0,20.0,20.0,3,class
128,Middle,Jake Ogden,99.2,156.54042,1.227,365252.0,297793.0,21.0,21.0,2,age
129,Middle,Caleb Leys,96.3,156.72858,1.04,313421.0,301223.0,21.0,21.0,3,class
130,Middle,Matt Bucciero,98.5,157.70135,0.952,379611.0,398675.0,20.0,20.0,3,class
131,Middle,Devin Taylor,99.9,159.79367,1.078,505297.0,468850.0,21.0,21.0,3,class
132,Middle,Richie Bonomolo Jr.,99.3,160.47986,1.11,305475.0,275232.0,21.0,21.0,1,age
133,Middle,Lucas Steele,95.2,160.55406,0.943,237310.0,251663.0,21.0,21.0,3,class
134,Middle,Bryce Fowler,94.4,160.59612,0.776,202729.0,261384.0,22.0,22.0,2,age
135,Middle,Josiah Ragsdale,97.7,160.77893,0.979,269986.0,275727.0,21.0,21.0,3,class
136,Middle,Jack Martinez,99.9,161.43079,0.91,206379.0,226793.0,22.0,22.0,2,age
137,Middle,Riley Nelson,99.7,161.47734,1.263,435888.0,345223.0,21.0,21.0,1,age
138,Middle,Brayden Smith,98.9,162.42194,1.234,258067.0,209186.0,21.0,21.0,1,age
139,Middle,Matthew Dallas,98.8,162.50246,1.115,263520.0,236265.0,21.0,21.0,2,age
140,Middle,Eric Snow,99.3,163.60101,0.979,284435.0,290529.0,21.0,21.0,3,class
141,Middle,Colin Daniel,98.7,164.01984,0.759,153497.0,202190.0,21.0,21.0,3,class
142,Middle,Ryan Reed,94.6,164.64642,1.084,258234.0,238173.0,21.0,21.0,3,class
143,Middle,Ethan Young,99.6,165.0306,1.333,210620.0,157974.0,21.0,21.0,1,age
144,Middle,Gable Mitchell,94.3,166.74097,1.062,336566.0,316906.0,21.0,21.0,3,class
145,Middle,Jalin Flores,94.7,167.54262,1.125,464354.0,412848.0,21.0,21.0,3,class
146,Middle,Dominic Hellman,97.8,168.39944,1.051,311218.0,296180.0,21.0,21.0,3,class
147,Middle,Jordan Gottesman,99.1,168.47003,0.595,144833.0,243483.0,22.0,22.0,1,age
148,Middle,Ryan Prager,99.4,168.697,0.652,140566.0,215685.0,22.0,22.0,3,class
149,Middle,Adonys Guzman,97.4,168.83112,0.883,209059.0,236662.0,21.0,21.0,3,class
150,Middle,Tyriq Kemp,91.0,168.83327,0.821,291454.0,355189.0,22.0,22.0,2,age
151,Late,Rylan Galvan,99.1,169.59756,0.815,138870.0,170488.0,22.0,22.0,3,class
152,Late,Jason Reitz,99.9,170.48833,0.893,198552.0,222458.0,20.0,20.0,3,class
153,Late,Luke Cantwell,96.3,171.41449,0.736,150397.0,204342.0,22.0,22.0,4,class
154,Late,Wyatt Henseler,92.3,171.50056,0.476,107392.0,225646.0,23.0,23.0,5,class
155,Late,Gage Harrelson,99.6,172.04303,1.136,321162.0,282641.0,21.0,21.0,3,class
156,Late,Mason Nichols,96.8,172.39882,1.063,214749.0,202084.0,22.0,22.0,4,class
157,Late,Jacob Walsh,99.5,172.6666,0.754,174769.0,231810.0,22.0,22.0,4,class
158,Late,Isaac Lyon,96.0,172.79228,0.648,160291.0,247374.0,21.0,21.0,3,class
159,Late,Nolan Sailors,99.3,173.66357,0.934,226134.0,242144.0,21.0,21.0,4,class
160,Late,Colby Shelton,99.5,173.86472,0.767,151364.0,197399.0,22.0,22.0,3,class
161,Late,Drew Wyers,92.7,174.18387,0.744,191808.0,257940.0,22.0,22.0,3,class
162,Late,Will Hodo,97.1,174.6616,0.999,196186.0,196419.0,22.0,22.0,4,class
163,Late,Brennan Stuprich,99.2,174.78671,0.442,78123.0,176732.0,23.0,23.0,4,class
164,Late,Dylan Mathiesen,98.8,175.65736,1.096,223618.0,203978.0,21.0,21.0,2,age
165,Late,Jacob Krieg,90.4,175.6887,1.084,318629.0,294010.0,21.0,21.0,3,class
166,Late,Ryan Borberg,99.6,175.9522,0.87,178540.0,205322.0,21.0,21.0,2,age
167,Late,Cooper Torres,96.5,176.5398,0.308,87336.0,283356.0,23.0,23.0,2,age
168,Late,Brody Donay,99.3,177.72597,1.216,354193.0,291370.0,21.0,21.0,3,class
169,Late,Danny Thompson Jr.,97.1,179.27608,0.69,119703.0,173600.0,22.0,22.0,2,age
170,Late,Tom Poole,98.5,179.41812,0.821,178402.0,217252.0,22.0,22.0,3,class
171,Late,Luke Nomura,93.3,179.46521,1.067,261224.0,244816.0,21.0,21.0,3,class
172,Late,Aidan Haugh,99.8,179.47153,0.955,181367.0,189978.0,22.0,22.0,2,age
173,Late,Davion Hickson,95.7,180.41171,0.926,211465.0,228270.0,21.0,21.0,3,class
174,Late,Heath Andrews,97.5,180.7085,0.984,219851.0,223334.0,21.0,21.0,2,age
175,Late,Chase Shores,99.7,180.72514,1.1,212317.0,192970.0,21.0,21.0,2,age
176,Late,Brady Jones,99.8,181.30035,1.059,202711.0,191415.0,20.0,20.0,3,class
177,Late,Caden Hunter,99.8,181.56915,1.154,237662.0,205900.0,21.0,21.0,1,age
178,Late,Jack Gurevitch,99.5,181.92368,0.929,252644.0,271920.0,21.0,21.0,3,class
179,Late,Donovan Cash,91.1,182.00746,0.24,45571.0,189830.0,23.0,23.0,4,class
180,Late,Danny Macchiarola,95.8,182.14034,0.305,64680.0,211951.0,20.0,20.0,3,class
181,Late,Cardell Thibodeaux,95.1,182.51228,0.745,254095.0,340992.0,21.0,21.0,3,class
182,Late,Riley Maddox,99.2,183.02812,1.021,205043.0,200826.0,22.0,22.0,4,class
183,Late,Kannon Carr,90.9,183.03664,1.192,210107.0,176317.0,21.0,21.0,1,age
184,Late,Liam OBrien,90.0,183.24345,0.905,138415.0,152966.0,22.0,22.0,2,age
185,Late,Anthony DePino,99.6,184.07204,0.729,170924.0,234432.0,22.0,22.0,4,class
186,Late,Kyle Walker,98.0,184.25163,0.864,138251.0,160000.0,22.0,22.0,3,class
187,Late,Karson Ligon,99.7,184.44444,0.931,188419.0,202416.0,22.0,22.0,4,class
188,Late,Drew Berkland,96.3,184.58717,0.923,262464.0,284450.0,21.0,21.0,3,class
189,Late,Cole Hage,92.2,184.84187,0.294,66650.0,226859.0,23.0,23.0,4,class
190,Late,Justin DeCriscio,94.9,185.56577,0.754,128011.0,169808.0,22.0,22.0,4,class
191,Late,Kurt Barr,99.2,186.31929,0.909,206727.0,227422.0,21.0,21.0,3,class
192,Late,Reagan Rivera,99.6,186.50159,0.97,172498.0,177858.0,22.0,22.0,2,age
193,Late,Dominic Castellano,99.7,188.03593,0.973,223026.0,229178.0,17.0,17.0,4,class
194,Late,Jack Winnay,98.1,188.26965,0.755,152863.0,202370.0,22.0,22.0,3,class
195,Late,Casen Taggart,95.8,188.64134,0.509,87513.0,171940.0,22.0,22.0,2,age
196,Late,Carson Myers,99.0,190.61711,0.907,144295.0,159031.0,22.0,22.0,4,class
197,Late,Maximus Martin,98.3,191.2919,0.871,158706.0,182222.0,21.0,21.0,3,class
198,Late,Albert Roblez,91.7,192.4017,1.241,233060.0,187860.0,21.0,21.0,2,age
199,Late,Justin Thomas,92.8,193.7383,1.24,291489.0,235084.0,21.0,21.0,2,age
200,Late,Brant Baughcum,96.2,194.65967,1.038,219412.0,211442.0,21.0,21.0,2,age
201,Late,Zane Taylor,97.0,195.25813,0.413,82218.0,198844.0,23.0,23.0,4,class
202,Late,Tanner Thach,97.9,196.09859,1.096,223872.0,204172.0,21.0,21.0,3,class
203,Late,Smith Pinson,96.0,196.35046,0.527,101478.0,192713.0,22.0,22.0,4,class
204,Late,Alex Breckheimer,96.2,198.34857,0.946,179356.0,189591.0,21.0,21.0,1,age
205,Late,Corey Braun,98.8,198.42654,0.368,71986.0,195471.0,22.0,22.0,2,age
206,Late,Deamez Ross,99.1,198.47464,0.997,202038.0,202734.0,22.0,22.0,3,class
207,Late,Eddie King Jr.,95.6,198.71631,0.585,104881.0,179205.0,22.0,22.0,3,class
208,Late,Josh Tate,94.7,199.17455,0.757,144696.0,191231.0,21.0,21.0,3,class
209,Late,Kaleb Freeman,96.7,199.86166,0.578,82859.0,143239.0,22.0,22.0,2,age
210,Late,Paul Schmitz,92.2,200.28058,1.227,276102.0,225012.0,21.0,21.0,3,class
211,Late,Lucas Hartman,98.5,200.53606,0.788,129845.0,164716.0,22.0,22.0,3,class
212,Late,Ethan Firoved,97.3,200.82008,0.336,59746.0,177700.0,23.0,23.0,3,class
213,Late,Jack Hopko,90.4,201.28462,1.132,208512.0,184274.0,21.0,21.0,3,class
214,Late,AJ Salgado,97.9,204.94426,0.247,46302.0,187712.0,23.0,23.0,3,class
215,Late,Keaton Grady,98.6,205.01912,0.702,145550.0,207287.0,22.0,22.0,3,class
216,Late,Michael Barnett,99.0,205.97025,0.939,145187.0,154620.0,21.0,21.0,3,class
217,Late,Caden Aoki,99.6,206.43257,0.704,120363.0,171033.0,22.0,22.0,4,class
218,Late,Mario Pesca,94.0,207.06062,0.813,127626.0,157068.0,21.0,21.0,3,class
219,Late,Jay Woolfolk,99.5,207.39934,0.853,161534.0,189415.0,22.0,22.0,4,class
220,Late,Ian Koosman,91.0,208.2959,0.902,148661.0,164883.0,21.0,21.0,1,age
221,Late,Ryan DeSanto,98.9,208.92857,0.801,161454.0,201502.0,21.0,21.0,3,class
222,Late,Bobby Boser,99.5,208.97888,0.756,116440.0,153952.0,22.0,22.0,4,class
223,Late,Brandon Anderson,94.7,209.62506,0.923,166378.0,180195.0,21.0,21.0,4,class
224,Late,Kyle Hayes,98.2,209.71025,0.685,118902.0,173634.0,22.0,22.0,2,age
225,Late,James Quinn-Irons,99.2,210.1323,0.685,154760.0,225976.0,22.0,22.0,3,class
226,Late,Easton Marks,96.5,210.46619,1.053,189947.0,180410.0,21.0,21.0,3,class
227,Late,Dylan Vigue,97.6,211.10866,1.015,221121.0,217901.0,21.0,21.0,2,age
228,Late,Manning West,96.2,211.61752,1.268,236782.0,186752.0,21.0,21.0,1,age
229,Late,Jake Brink,94.6,212.78214,0.496,82190.0,165823.0,22.0,22.0,3,class
230,Late,Vance Sheahan,92.8,212.99995,0.918,166007.0,180807.0,21.0,21.0,2,age
231,Late,Casey Hintz,97.5,213.20192,0.911,183784.0,201829.0,21.0,21.0,3,class
232,Late,Max Banks,90.6,214.19417,0.394,65519.0,166201.0,22.0,22.0,1,age
233,Late,Ethan Calder,96.7,214.41707,0.813,158349.0,194755.0,21.0,21.0,3,class
234,Late,Michael Vallone,95.5,215.67755,0.339,51230.0,151043.0,23.0,23.0,1,age
235,Late,Jack Bennett,91.2,216.26726,0.834,167472.0,200876.0,20.0,20.0,3,class
236,Late,Jordan Jaffe,94.7,216.43198,0.884,159373.0,180209.0,21.0,21.0,3,class
237,Late,Logan Sutter,94.9,216.523,0.538,75459.0,140379.0,22.0,22.0,2,age
238,Late,Jacob Frost,96.7,216.8947,0.608,100042.0,164479.0,22.0,22.0,2,age
239,Late,Robin Villeneuve,98.5,217.3535,1.051,223583.0,212806.0,21.0,21.0,2,age
240,Late,Alex Ungar,92.4,217.36841,0.137,24360.0,177629.0,23.0,23.0,3,class
241,Late,Jacob Tobias,91.8,217.92374,0.809,130304.0,161086.0,22.0,22.0,4,class
242,Late,Jake Cook,95.7,218.31941,0.906,196966.0,217467.0,21.0,21.0,2,age
243,Late,Michael Dattalo,92.5,218.8895,0.95,258054.0,271749.0,21.0,21.0,3,class
244,Late,Logan Braunschweig,96.7,218.90984,0.861,112355.0,130569.0,22.0,22.0,4,class
245,Late,Max Galvin,92.3,219.03848,0.657,132897.0,202144.0,22.0,22.0,1,age
246,Late,Cameron Keshock,95.3,219.38611,0.965,162027.0,167925.0,21.0,21.0,3,class
247,Late,Wilson Weber,96.3,219.82986,0.32,45514.0,142119.0,23.0,23.0,4,class
248,Late,Ryan Brome,92.5,221.98991,0.693,86887.0,125393.0,22.0,22.0,4,class
249,Late,A.J. Colarusso,95.6,223.2855,0.808,145840.0,180465.0,21.0,21.0,3,class
250,Late,Kyle McCoy,98.2,223.4186,0.833,162068.0,194596.0,21.0,21.0,2,age
251,Late,Anson Aroz,95.0,224.07933,0.708,125106.0,176757.0,22.0,22.0,4,class
252,Late,Shintaro Inoue,91.0,224.55917,0.397,59655.0,150421.0,22.0,22.0,1,age
253,Late,Boston Smith,97.9,225.6681,0.606,108676.0,179339.0,22.0,22.0,4,class
254,Late,Braylon Owens,90.4,226.48914,0.913,122386.0,134105.0,22.0,22.0,4,class
255,Late,Garrison Sumner,95.3,226.7462,0.877,158390.0,180594.0,21.0,21.0,2,age
256,Late,Isaac Yeager,93.1,229.04723,0.702,125355.0,178638.0,21.0,21.0,3,class
257,Late,Ryder Brooks,95.5,229.48721,0.755,107749.0,142777.0,21.0,21.0,2,age
258,Late,Chayton Krauss,96.7,230.20439,0.537,83697.0,155998.0,22.0,22.0,2,age
259,Late,Tyler Bryan,93.1,230.30164,1.027,187803.0,182908.0,20.0,20.0,3,class
260,Late,Paxton Kling,97.4,231.59541,0.906,131341.0,144956.0,22.0,22.0,3,class
261,Late,Beau Ankeney,98.6,231.6275,0.548,72240.0,131730.0,22.0,22.0,3,class
262,Late,Jay Dill,93.8,232.2975,0.911,122211.0,134168.0,22.0,22.0,4,class
263,Late,Aaron Whitley,90.2,232.51192,0.312,55159.0,177031.0,23.0,23.0,2,age
264,Late,Jeffrey Ince,96.5,234.07617,0.512,79653.0,155590.0,22.0,22.0,2,age
265,Late,Hayden Jatczak,99.3,234.60892,0.378,54752.0,144779.0,23.0,23.0,1,age
266,Late,Chris Stanfield,90.4,234.71106,0.951,163151.0,171591.0,21.0,21.0,3,class
267,Late,Karson Bowen,92.8,235.09903,1.143,228512.0,199934.0,20.0,20.0,3,class
268,Late,Spencer Seid,91.8,235.31718,0.646,96891.0,149960.0,22.0,22.0,3,class
269,Late,Kolby Branch,98.5,235.82709,0.843,108114.0,128269.0,22.0,22.0,3,class
270,Late,Ethan Lizama,94.5,237.24268,0.699,107072.0,153160.0,22.0,22.0,2,age
271,Late,Jack Holman,94.4,237.71835,0.699,125782.0,179898.0,22.0,22.0,4,class
272,Late,Weber Neels,91.0,237.93634,0.855,117572.0,137442.0,22.0,22.0,3,class
273,Late,Riley Eikhoff,90.3,238.14862,0.317,59207.0,186599.0,23.0,23.0,4,class
274,Late,Itsuki Takemoto,98.6,239.22137,0.936,167560.0,179097.0,21.0,21.0,2,age
275,Late,Bryan Green,96.0,240.00616,1.2,163397.0,136185.0,21.0,21.0,4,class
276,Late,Oliver Pudvar,94.7,241.73857,0.589,100408.0,170493.0,21.0,21.0,2,age
277,Late,Brayden Simpson,99.0,241.90862,0.947,173298.0,182926.0,21.0,21.0,3,class
278,Late,AJ Guerrero,92.7,243.94315,0.65,104345.0,160642.0,22.0,22.0,4,class
279,Late,Nic Schutte,91.5,244.1381,1.049,164077.0,156482.0,21.0,21.0,2,age
280,Late,Matthew Becker,98.8,244.28087,0.896,126617.0,141327.0,22.0,22.0,4,class
281,Late,Canon Reeder,94.3,245.84087,0.652,99269.0,152340.0,22.0,22.0,3,class
282,Late,Dean Mihos,92.7,246.45566,0.831,143830.0,172995.0,20.0,20.0,3,class
283,Late,Tyson Bass,98.1,250.86438,1.139,165425.0,145184.0,22.0,22.0,1,age
284,Late,Jake Casey,97.7,260.3733,0.603,78027.0,129350.0,22.0,22.0,4,class
285,Late,Cole Cramer,95.8,266.2967,0.977,119203.0,122064.0,22.0,22.0,2,age
286,Late,Raymond Velazquez,94.8,266.3792,0.458,52345.0,114271.0,22.0,22.0,2,age
287,Late,Patrick Gardner,96.6,268.99454,0.832,117982.0,141805.0,22.0,22.0,3,class
