year,division,n_teams,n_team_seasons,w_1b,w_2b,w_3b,w_hr,w_bb,w_hbp,w_sb,w_cs,lambda_1b,lambda_2b,lambda_3b,lambda_hr,lambda_bb,lambda_hbp,lambda_sb,lambda_cs,cwoba_scale,lg_obp,lg_cwoba,lg_r_pa,lg_wsb_per_opp,park_factor,r2,rmse_runs,method
0,1,0,5569,0.762884,1.016861,1.573646,1.605609,0.601548,0.642994,0.259225,-0.448813,0.0,0.0,0.0,0.0,0.0,0.0,0.0,0.0,1.0,0.0,0.0,0.0,0.0,1.0,0.9749,15.78,pooled_unscaled_run_values
2008,1,286,286,0.946635,1.262915,2.011168,2.011168,0.745115,0.797934,0.321689,-0.58685,0.4059,0.0751,0.4614,0.0,0.4766,0.0,0.0,0.1865,1.240966,0.381193,0.381193,0.16594,0.010124,1.0,0.9666,15.92,shrunk_season
2009,1,288,288,0.953415,1.231882,1.834435,1.944888,0.745435,0.778864,0.314001,-0.599473,0.3936,0.0702,0.4427,0.0,0.4656,0.0,0.0,0.2169,1.211309,0.386123,0.386123,0.172497,0.008768,1.0,0.9652,16.11,shrunk_season
2010,1,292,292,0.949821,1.23527,1.967886,1.967886,0.735684,0.782493,0.315464,-0.556332,0.4189,0.0804,0.4697,0.0,0.4777,0.0,0.0,0.2133,1.216952,0.387622,0.387622,0.173427,0.012291,1.0,0.9601,16.79,shrunk_season
2011,1,292,292,0.971306,1.294353,2.101803,2.101803,0.734292,0.820249,0.330685,-0.667388,0.4727,0.0724,0.5274,0.0,0.5651,0.0,0.0,0.2631,1.275671,0.364641,0.364641,0.1442,0.007086,1.0,0.9569,14.59,shrunk_season
2012,1,290,290,0.974683,1.293333,2.050804,2.050804,0.760738,0.819135,0.330236,-0.585312,0.4066,0.0566,0.4661,0.0,0.4553,0.0,0.0,0.2064,1.273938,0.361098,0.361098,0.139245,0.008021,1.0,0.9379,16.37,shrunk_season
2013,1,296,296,0.981372,1.350025,1.926335,2.134553,0.729207,0.854819,0.344622,-0.593881,0.4645,0.0728,0.4706,0.0,0.5571,0.0,0.0,0.2735,1.329435,0.357621,0.357621,0.136413,0.010757,1.0,0.9593,14.53,shrunk_season
2014,1,296,296,0.968147,1.353839,2.146399,2.146399,0.755592,0.853979,0.344284,-0.566184,0.4352,0.0526,0.4443,0.0,0.4717,0.0,0.0,0.2283,1.328129,0.35439,0.35439,0.131558,0.010325,1.0,0.9489,15.26,shrunk_season
2015,1,295,295,0.960747,1.269302,2.01211,2.029435,0.781982,0.812723,0.327651,-0.555682,0.3728,0.0677,0.4238,0.0,0.4632,0.0,0.0,0.2095,1.263966,0.358661,0.358661,0.140058,0.009429,1.0,0.9476,16.18,shrunk_season
2016,1,295,295,0.972834,1.292443,2.012604,2.045948,0.734695,0.819335,0.330317,-0.484898,0.4167,0.0667,0.4407,0.0,0.4851,0.0,0.0,0.2007,1.27425,0.361038,0.361038,0.143022,0.012269,1.0,0.9562,15.99,shrunk_season
2017,1,295,295,0.963609,1.283456,1.903167,2.026808,0.739088,0.811671,0.327227,-0.564813,0.4524,0.0541,0.4402,0.0,0.5208,0.0,0.0,0.1759,1.26233,0.362635,0.362635,0.145727,0.008888,1.0,0.9562,15.7,shrunk_season
2018,1,297,297,0.971414,1.277533,1.905258,2.017774,0.756569,0.808053,0.325768,-0.545564,0.4103,0.0646,0.3931,0.0,0.5208,0.0,0.0,0.2106,1.256703,0.362087,0.362087,0.143676,0.010831,1.0,0.9585,15.54,shrunk_season
2019,1,297,297,0.96953,1.286305,1.980581,2.051633,0.737819,0.821612,0.331235,-0.577478,0.4488,0.0574,0.4425,0.0,0.5407,0.0,0.0,0.182,1.277791,0.363641,0.363641,0.147755,0.012472,1.0,0.9583,15.65,shrunk_season
2020,1,279,279,0.969505,1.304478,1.765537,2.058422,0.778579,0.824331,0.332331,-0.509323,0.3259,0.0532,0.3539,0.0,0.3814,0.0,0.0,0.1576,1.28202,0.357682,0.357682,0.14279,0.016446,1.0,0.9274,7.83,shrunk_season
2021,1,285,285,0.978736,1.22123,1.73604,1.934102,0.761,0.774545,0.31226,-0.5548,0.4099,0.0633,0.3858,0.0,0.5217,0.0,0.0,0.2001,1.204591,0.364494,0.364494,0.152591,0.011353,1.0,0.9733,13.66,shrunk_season
2022,1,293,293,0.951326,1.226643,1.851916,1.926319,0.776229,0.771428,0.311003,-0.523454,0.3885,0.0611,0.418,0.0,0.508,0.0,0.0,0.1715,1.199743,0.374302,0.374302,0.161842,0.013311,1.0,0.9671,15.5,shrunk_season
2023,1,295,295,0.956059,1.248312,1.944402,1.961292,0.73246,0.785433,0.316649,-0.540011,0.3949,0.0758,0.4261,0.0,0.5219,0.0,0.0,0.1821,1.221525,0.380521,0.380521,0.167477,0.015052,1.0,0.9649,15.33,shrunk_season
2024,1,295,295,0.955689,1.242072,1.898516,1.958742,0.746815,0.784412,0.316238,-0.538698,0.391,0.0615,0.3889,0.0,0.5098,0.0,0.0,0.1699,1.219937,0.383864,0.383864,0.169568,0.015353,1.0,0.9613,15.99,shrunk_season
2025,1,299,299,0.952865,1.273836,1.724551,1.994932,0.752834,0.798905,0.322081,-0.446729,0.3905,0.0682,0.4074,0.0,0.5336,0.0,0.0,0.1903,1.242477,0.385749,0.385749,0.17014,0.02152,1.0,0.9606,15.92,shrunk_season
2026,1,304,304,0.942841,1.254694,1.886435,1.970327,0.77939,0.789052,0.318108,-0.540633,0.3984,0.062,0.326,0.0,0.4901,0.0,0.0,0.1559,1.227152,0.382565,0.382565,0.166192,0.018692,1.0,0.9553,16.36,shrunk_season
0,2,0,4625,0.79471,1.112137,1.572456,1.572456,0.658695,0.682614,0.261222,-0.500431,0.0,0.0,0.0,0.0,0.0,0.0,0.0,0.0,1.0,0.0,0.0,0.0,0.0,1.0,0.9767,16.1,pooled_unscaled_run_values
2008,2,219,219,0.929891,1.30056,1.858977,1.858977,0.818399,0.847136,0.307353,-0.585216,0.3218,0.0,0.2842,0.0,0.3705,0.2172,0.24,0.0,1.169424,0.388652,0.388652,0.174907,0.014574,1.0,0.9717,18.1,shrunk_season
2009,2,226,226,0.915153,1.344319,1.921735,1.921735,0.792069,0.842557,0.315985,-0.604907,0.3228,0.0,0.3021,0.0,0.4239,0.2348,0.3243,0.0,1.208771,0.388853,0.388853,0.176695,0.013419,1.0,0.9731,17.82,shrunk_season
2010,2,228,228,0.930382,1.313087,1.860552,1.860552,0.81032,0.802516,0.321177,-0.590853,0.283,0.0,0.2683,0.0,0.4213,0.2116,0.2724,0.0,1.180688,0.393619,0.393619,0.181464,0.016615,1.0,0.9685,19.19,shrunk_season
2011,2,234,234,0.961876,1.359642,1.829493,1.922404,0.785932,0.837806,0.348556,-0.611801,0.3848,0.0,0.3604,0.0,0.4814,0.2544,0.3621,0.0,1.222549,0.374905,0.374905,0.158697,0.018389,1.0,0.9618,16.36,shrunk_season
2012,2,236,236,0.951462,1.354844,1.920356,1.920356,0.812059,0.814552,0.34102,-0.609643,0.429,0.0,0.3516,0.0,0.5193,0.3014,0.4267,0.0,1.218235,0.374945,0.374945,0.156815,0.017393,1.0,0.9618,15.47,shrunk_season
2013,2,242,242,0.962886,1.379586,1.793077,1.950604,0.788126,0.817861,0.370048,-0.620776,0.4089,0.0,0.3302,0.0,0.4704,0.3201,0.3947,0.0,1.240482,0.370875,0.370875,0.153648,0.020424,1.0,0.9674,14.97,shrunk_season
2014,2,240,240,0.970641,1.356814,1.883124,1.918406,0.789388,0.829218,0.299462,-0.610529,0.3984,0.0,0.3406,0.0,0.4372,0.2719,0.341,0.0,1.220006,0.366684,0.366684,0.148523,0.012175,1.0,0.9632,15.92,shrunk_season
2015,2,249,249,0.946903,1.353472,1.921208,1.921208,0.774678,0.804979,0.369587,-0.609025,0.447,0.0,0.3648,0.0,0.4648,0.2552,0.34,0.0,1.217001,0.37462,0.37462,0.160041,0.016234,1.0,0.9732,14.76,shrunk_season
2016,2,254,254,0.940477,1.341368,1.834876,1.896567,0.77067,0.828738,0.330843,-0.603579,0.4343,0.0,0.3616,0.0,0.4427,0.2298,0.3035,0.0,1.206118,0.376913,0.376913,0.164053,0.012947,1.0,0.9662,16.57,shrunk_season
2017,2,259,259,0.95682,1.318139,1.873746,1.873746,0.770485,0.809184,0.307252,-0.593126,0.4142,0.0,0.3814,0.0,0.4659,0.2821,0.2656,0.0,1.185231,0.375551,0.375551,0.161508,0.010474,1.0,0.9625,15.94,shrunk_season
2018,2,262,262,0.982051,1.341704,1.771798,1.897042,0.725799,0.802252,0.337619,-0.60373,0.405,0.0,0.3482,0.0,0.4872,0.275,0.3558,0.0,1.20642,0.378272,0.378272,0.165093,0.015096,1.0,0.9649,15.64,shrunk_season
2019,2,259,259,0.964812,1.295597,1.832131,1.832131,0.796709,0.793304,0.299819,-0.582983,0.4867,0.0,0.4133,0.0,0.5928,0.3176,0.3954,0.0,1.164962,0.376497,0.376497,0.163123,0.013211,1.0,0.9718,13.91,shrunk_season
2020,2,245,245,0.940334,1.367712,1.959971,1.959971,0.782365,0.814099,0.310372,-0.615433,0.3123,0.0,0.2638,0.0,0.4429,0.1646,0.2645,0.0,1.229805,0.375983,0.375983,0.163121,0.013467,1.0,0.9493,9.48,shrunk_season
2021,2,233,233,0.940376,1.299169,1.844045,1.844045,0.788699,0.784112,0.285235,-0.58459,0.2831,0.0,0.3265,0.0,0.4198,0.2226,0.2828,0.0,1.168174,0.384915,0.384915,0.176144,0.012967,1.0,0.9758,14.45,shrunk_season
2022,2,251,251,0.93116,1.279629,1.820186,1.820186,0.816842,0.831433,0.240653,-0.575798,0.4468,0.0,0.3591,0.0,0.5455,0.3103,0.3571,0.0,1.150604,0.386687,0.386687,0.176544,0.009392,1.0,0.9755,15.86,shrunk_season
2023,2,249,249,0.957369,1.312187,1.778053,1.855308,0.76409,0.865077,0.306409,-0.590448,0.4232,0.0,0.3323,0.0,0.5005,0.3754,0.3776,0.0,1.179879,0.389883,0.389883,0.175622,0.016807,1.0,0.9721,15.82,shrunk_season
2024,2,243,243,0.951799,1.30765,1.77607,1.848893,0.801467,0.786758,0.299583,-0.588407,0.4338,0.0,0.3437,0.0,0.5299,0.3837,0.3797,0.0,1.1758,0.394383,0.394383,0.178448,0.016329,1.0,0.9718,15.76,shrunk_season
2025,2,247,247,0.942198,1.294831,1.83419,1.83419,0.810751,0.82888,0.269408,-0.582638,0.3844,0.0,0.3511,0.0,0.5624,0.3556,0.4338,0.0,1.164273,0.395158,0.395158,0.178962,0.014951,1.0,0.9721,15.75,shrunk_season
2026,2,249,249,0.970152,1.3073,1.830663,1.848397,0.768956,0.852212,0.317267,-0.588249,0.4555,0.0,0.3638,0.0,0.5798,0.4271,0.4174,0.0,1.175484,0.403507,0.403507,0.184512,0.021204,1.0,0.9786,14.48,shrunk_season
0,3,0,6189,0.824438,1.122617,1.595305,1.595305,0.639945,0.674582,0.209815,-0.32671,0.0,0.0,0.0,0.0,0.0,0.0,0.0,0.0,1.0,0.0,0.0,0.0,0.0,1.0,0.9732,14.07,pooled_unscaled_run_values
2009,3,354,354,0.965967,1.323409,1.891729,1.891729,0.755529,0.794326,0.279153,-0.42269,0.5278,0.0,0.0615,0.3399,0.0209,0.012,0.2591,0.2428,1.17886,0.395025,0.395025,0.185726,0.020689,1.0,0.965,15.79,shrunk_season
2010,3,358,358,0.985065,1.303529,1.839142,1.840328,0.744265,0.78544,0.266267,-0.484763,0.5301,0.0,0.0778,0.3419,0.0264,0.016,0.2481,0.2801,1.161152,0.398076,0.398076,0.185959,0.015935,1.0,0.9709,14.65,shrunk_season
2012,3,360,360,0.982158,1.361326,1.906565,1.906565,0.775297,0.817249,0.254733,-0.314238,0.5755,0.0,0.0697,0.1875,0.0217,0.0174,0.2904,0.2697,1.212636,0.376866,0.376866,0.160138,0.019282,1.0,0.9515,14.07,shrunk_season
2013,3,357,357,0.971793,1.389295,1.965187,1.965187,0.791146,0.833509,0.2719,-0.360144,0.5428,0.0,0.0529,0.1273,0.0184,0.0166,0.235,0.2613,1.23755,0.369142,0.369142,0.153157,0.020463,1.0,0.951,14.72,shrunk_season
2014,3,357,357,0.987428,1.359446,1.939372,1.939372,0.774033,0.814794,0.250072,-0.303723,0.5793,0.0,0.0617,0.1733,0.0217,0.0183,0.2839,0.3452,1.210961,0.370545,0.370545,0.154772,0.018761,1.0,0.9646,13.22,shrunk_season
2015,3,371,371,0.96288,1.369331,1.942755,1.942755,0.778941,0.822889,0.256067,-0.379442,0.6056,0.0,0.0599,0.2433,0.0237,0.0183,0.2306,0.3242,1.219767,0.373011,0.373011,0.158872,0.015407,1.0,0.9619,13.47,shrunk_season
2016,3,370,370,0.968991,1.360076,1.905759,1.905759,0.773999,0.817722,0.276569,-0.482201,0.5781,0.0,0.063,0.2858,0.0258,0.0178,0.2333,0.3173,1.211523,0.374569,0.374569,0.159777,0.013211,1.0,0.9574,13.76,shrunk_season
2017,3,374,374,0.954684,1.382959,1.927641,1.927641,0.787304,0.830786,0.249961,-0.335454,0.5993,0.0,0.062,0.2924,0.0247,0.0183,0.2481,0.3154,1.231906,0.376268,0.376268,0.16077,0.016448,1.0,0.9558,13.91,shrunk_season
2018,3,379,379,0.992367,1.333516,1.889064,1.902115,0.761651,0.803062,0.236081,-0.323171,0.6128,0.0,0.0863,0.3246,0.0323,0.022,0.3096,0.3281,1.187864,0.379032,0.379032,0.163308,0.016935,1.0,0.9694,12.77,shrunk_season
2019,3,379,379,0.960567,1.373499,1.949553,1.994572,0.783654,0.826283,0.254245,-0.457393,0.5726,0.0,0.0669,0.2936,0.0285,0.0182,0.2675,0.3222,1.22348,0.378609,0.378609,0.16279,0.014799,1.0,0.9584,14.05,shrunk_season
2020,3,275,275,0.979327,1.348071,1.874817,1.874817,0.768817,0.811305,0.251633,-0.435336,0.4273,0.0,0.0441,0.1378,0.0147,0.0095,0.1631,0.1942,1.200829,0.386225,0.386225,0.172788,0.016746,1.0,0.9391,7.35,shrunk_season
2021,3,355,355,0.973827,1.328732,1.890775,1.952927,0.759153,0.797483,0.257377,-0.494844,0.585,0.0,0.0712,0.3572,0.0283,0.0204,0.2675,0.2877,1.183602,0.385301,0.385301,0.173523,0.015671,1.0,0.9823,11.83,shrunk_season
2022,3,381,381,0.991067,1.321259,1.834305,1.834305,0.75263,0.795008,0.223989,-0.323493,0.6064,0.0,0.0797,0.4321,0.0332,0.0226,0.3231,0.3044,1.176945,0.388541,0.388541,0.177067,0.017454,1.0,0.9725,13.79,shrunk_season
2023,3,384,384,1.006909,1.309467,1.83556,1.83556,0.746901,0.78845,0.241676,-0.410979,0.5988,0.0,0.0658,0.4156,0.0266,0.0227,0.2806,0.2508,1.166441,0.391829,0.391829,0.175966,0.01765,1.0,0.9665,14.62,shrunk_season
2024,3,381,381,1.006018,1.317481,1.884022,1.884022,0.752583,0.792156,0.225124,-0.395005,0.593,0.0,0.0671,0.4391,0.0327,0.0296,0.3175,0.309,1.17358,0.393475,0.393475,0.17573,0.016669,1.0,0.9658,13.6,shrunk_season
2025,3,379,379,1.015079,1.308981,1.852547,1.870119,0.747849,0.78853,0.23377,-0.379903,0.5896,0.0,0.0641,0.4322,0.0316,0.0322,0.2929,0.2794,1.166009,0.395787,0.395787,0.177868,0.018499,1.0,0.9656,14.3,shrunk_season
2026,3,375,375,1.003088,1.324435,1.886823,1.93732,0.754297,0.799119,0.232775,-0.382026,0.5539,0.0,0.0446,0.4261,0.0272,0.0337,0.304,0.2788,1.179775,0.400786,0.400786,0.182001,0.020013,1.0,0.9656,15.15,shrunk_season
